matrix,target
ex19,row-wise
bayer09,row-wise
bfwa398,row-wise
cdde6,row-wise
g7jac100sc,row-wise
bcsstm07,row-wise
west1505,row-wise
gre_115,row-wise
arc130,row-wise
cdde5,row-wise
saylr3,row-wise
lop163,row-wise
g7jac080,row-wise
add32,row-wise
cavity09,row-wise
bcsstm13,row-wise
g7jac020,row-wise
bayer05,row-wise
d_dyn,row-wise
bcsstk04,row-wise
g7jac200,row-wise
fs_760_2,row-wise
g7jac040,row-wise
bcsstm12,row-wise
rw136,row-wise
jan99jac040sc,row-wise
mark3jac120sc,row-wise
ex4,row-wise
sherman1,row-wise
bcsstm03,row-wise
cavity02,row-wise
bcsstk11,row-wise
g7jac050sc,row-wise
gre_1107,row-wise
mahindas,row-wise
mark3jac140sc,row-wise
nos3,row-wise
mark3jac020,row-wise
g7jac140,row-wise
orani678,row-wise
ex6,row-wise
fs_541_4,row-wise
bfwa62,row-wise
bcsstk28,row-wise
ex10,row-wise
b_dyn,row-wise
ex7,row-wise
cavity19,row-wise
fs_541_3,entry-wise
lp_agg,row-wise
g7jac010sc,row-wise
gre_216a,row-wise
fs_541_1,row-wise
impcol_c,row-wise
bcsstk15,row-wise
goodwin,row-wise
wm2,row-wise
bcsstm04,row-wise
wm3,row-wise
ck104,row-wise
illc1033,row-wise
g7jac060sc,row-wise
rdb5000,row-wise
bcsstk36,row-wise
lnsp_511,row-wise
bayer10,row-wise
bfwb62,row-wise
lns_3937,row-wise
mark3jac040sc,row-wise
b2_ss,row-wise
ex9,row-wise
mcfe,entry-wise
msc10848,row-wise
cavity01,row-wise
ex33,row-wise
bayer03,row-wise
ct20stif,row-wise
ex24,row-wise
cavity16,row-wise
ex32,row-wise
bayer08,row-wise
fs_183_4,row-wise
ex40,row-wise
bcsstk20,row-wise
ex5,row-wise
nasa1824,row-wise
circuit_4,entry-wise
bp_1200,row-wise
ex31,row-wise
g7jac010,row-wise
mark3jac120,row-wise
mark3jac080,row-wise
mbeaflw,row-wise
d_ss,row-wise
msc04515,row-wise
ex28,row-wise
cavity14,row-wise
lns_131,row-wise
steam1,entry-wise
lp_adlittle,row-wise
g7jac080sc,row-wise
cdde1,row-wise
mark3jac100,row-wise
plat362,row-wise
bcsstm22,row-wise
impcol_b,row-wise
memplus,row-wise
fs_183_3,row-wise
ex23,row-wise
g7jac040sc,row-wise
ex1,row-wise
bcsstm05,row-wise
cavity23,row-wise
bayer06,row-wise
poli,row-wise
plsk1919,row-wise
twotone,row-wise
bp_0,row-wise
ex27,row-wise
bcsstk08,row-wise
epb1,row-wise
pre2,row-wise
dw256A,row-wise
bcsstm23,row-wise
gre_512,row-wise
cavity24,row-wise
crystm03,row-wise
odepa400,row-wise
g7jac100,row-wise
bcsstm10,row-wise
d_dyn1,row-wise
bcsstm06,row-wise
odepb400,row-wise
bcsstk14,row-wise
g7jac180,row-wise
bp_800,row-wise
ex37,row-wise
olm5000,row-wise
cavity22,row-wise
bcsstk23,entry-wise
mhda416,row-wise
msc00726,row-wise
mhdb416,row-wise
nos5,row-wise
lnsp_131,row-wise
bcsstm39,row-wise
fs_760_3,row-wise
bcsstk09,row-wise
olm500,row-wise
bcircuit,row-wise
bwm200,row-wise
bcsstm26,row-wise
ex21,row-wise
bayer07,row-wise
cavity06,row-wise
cavity03,row-wise
bp_1600,row-wise
jan99jac080,row-wise
mark3jac140,row-wise
bcsstm20,row-wise
bayer01,row-wise
bcsstk16,row-wise
west0497,row-wise
bfwa782,row-wise
pores_2,row-wise
cavity11,row-wise
nos4,row-wise
cavity07,row-wise
mark3jac020sc,row-wise
ex14,row-wise
str_200,row-wise
jan99jac080sc,row-wise
mark3jac080sc,row-wise
bcsstm34,row-wise
jan99jac060sc,row-wise
crystk02,row-wise
mark3jac040,row-wise
well1850,row-wise
qh882,row-wise
graham1,row-wise
bcsstm08,row-wise
g7jac180sc,row-wise
ex13,row-wise
bp_600,row-wise
steam3,row-wise
msc01440,row-wise
bcsstk10,row-wise
g7jac140sc,row-wise
pde2961,row-wise
orsreg_1,row-wise
tub100,row-wise
bcsstk02,row-wise
lp_agg2,row-wise
impcol_d,row-wise
ex10hs,row-wise
olm1000,row-wise
af23560,row-wise
cavity21,row-wise
g7jac020sc,row-wise
jan99jac040,row-wise
ex35,row-wise
fs_760_1,row-wise
west0655,row-wise
bcsstk17,row-wise
thermal,row-wise
cdde4,row-wise
west0156,entry-wise
garon2,row-wise
west0132,row-wise
ex2,row-wise
bcsstm37,row-wise
saylr4,row-wise
bayer04,row-wise
jan99jac020,row-wise
hor_131,row-wise
zenios,row-wise
bcsstm02,row-wise
685_bus,row-wise
662_bus,row-wise
ex15,row-wise
msc01050,row-wise
wm1,row-wise
crystm01,row-wise
bcsstk26,row-wise
cavity15,row-wise
bcsstk07,row-wise
bcsstk35,row-wise
epb0,row-wise
bcsstm11,row-wise
circuit_2,row-wise
bcsstk24,entry-wise
mbeacxc,row-wise
watt_1,row-wise
gemat12,row-wise
west0989,row-wise
watt_2,row-wise
west0067,row-wise
bcsstm38,row-wise
psmigr_3,row-wise
crystk03,row-wise
west2021,row-wise
cavity05,row-wise
bcsstk38,row-wise
pores_3,row-wise
epb2,row-wise
b1_ss,row-wise
fs_680_3,entry-wise
bcsstk18,row-wise
sherman3,row-wise
ex12,row-wise
olm100,row-wise
ex36,row-wise
crystk01,row-wise
cavity17,row-wise
rma10,row-wise
nnc1374,row-wise
meg1,row-wise
jan99jac120sc,row-wise
plat1919,row-wise
lp_agg3,row-wise
circuit_3,row-wise
cavity12,row-wise
lp_25fv47,row-wise
beacxc,row-wise
bfwb398,row-wise
g7jac120,row-wise
cavity10,row-wise
bcsstk12,row-wise
mark3jac100sc,row-wise
onetone1,row-wise
plskz362,row-wise
ex8,row-wise
well1033,row-wise
mark3jac060sc,row-wise
west0479,row-wise
cavity18,row-wise
orsirr_2,row-wise
lp_afiro,row-wise
bcsstk37,row-wise
pde900,row-wise
dw1024,row-wise
gre_343,row-wise
west0167,row-wise
dw4096,row-wise
steam2,row-wise
pde225,row-wise
bcsstm09,row-wise
fs_183_6,row-wise
494_bus,row-wise
dw256B,row-wise
garon1,row-wise
gemat1,row-wise
rdb968,row-wise
sherman2,row-wise
pores_1,entry-wise
sherman5,row-wise
bcsstm35,row-wise
ex29,row-wise
cdde2,row-wise
bcsstk25,row-wise
bcsstm24,row-wise
lnsp3937,row-wise
meg4,row-wise
g7jac120sc,row-wise
fs_183_1,row-wise
fs_680_1,row-wise
vibrobox,row-wise
str_600,row-wise
bcsstk22,row-wise
illc1850,row-wise
gre_185,row-wise
crystm02,row-wise
bcsstk05,row-wise
lp_80bau3b,row-wise
beaflw,row-wise
bp_200,row-wise
bfwb782,row-wise
jan99jac100,row-wise
cdde3,row-wise
lund_b,row-wise
bcsstk34,row-wise
rw5151,row-wise
lund_a,row-wise
bwm2000,row-wise
nos7,row-wise
sherman4,row-wise
psmigr_2,row-wise
mbeause,row-wise
cavity25,row-wise
bcsstk13,row-wise
ex20,row-wise
ex22,row-wise
beause,row-wise
g7jac160sc,row-wise
ex26,row-wise
poli_large,row-wise
str_400,row-wise
mark3jac060,row-wise
ex25,row-wise
bayer02,row-wise
jan99jac020sc,row-wise
bcsstk06,row-wise
nos6,row-wise
circuit_1,row-wise
str_0,row-wise
impcol_a,row-wise
epb3,row-wise
lns_511,row-wise
fs_680_2,row-wise
orsirr_1,row-wise
mcca,entry-wise
impcol_e,row-wise
bcsstk01,row-wise
orani678_b,row-wise
west0381,row-wise
tub1000,row-wise
add20,row-wise
g7jac200sc,row-wise
ex18,row-wise
onetone2,row-wise
saylr1,row-wise
bcsstm25,row-wise
bcsstk27,row-wise
gemat11,row-wise
cavity08,row-wise
nos2,row-wise
rim,row-wise
pwtk,row-wise
bcsstk03,row-wise
jan99jac100sc,row-wise
bcsstk21,entry-wise
olm2000,row-wise
rdb2048,row-wise
g7jac160,row-wise
ck656,row-wise
bp_400,row-wise
nnc666,row-wise
gre_216b,row-wise
hcircuit,row-wise
ex3,row-wise
g7jac060,row-wise
ex11,row-wise
msc23052,row-wise
bcsstm27,row-wise
rw496,row-wise
nnc261,row-wise
ck400,row-wise
young3c,row-wise
cavity20,row-wise
bcsstk19,row-wise
jan99jac120,row-wise
bp_1400,row-wise
bcsstm36,row-wise
coater2,row-wise
cavity13,row-wise
bp_1000,row-wise
cavity04,row-wise
scircuit,row-wise
bcsstm19,entry-wise
coater1,row-wise
1138_bus,entry-wise
cavity26,row-wise
jan99jac060,row-wise
bcsstm21,row-wise
fs_541_2,row-wise
