matrix,nnz,rows,cols,sym,type,range,empty-rows,avg-nz-row,min-nz-row,max-nz-row,ent-base-singles,ent-base-doubles,ent-base-prc,ent-singles,ent-doubles,ent-prc,row-singles,row-doubles,row-prc,fp64-rt,fp32(64)-rt,ent-base-rt,ent-split-rt,row-split-rt,row-comp-rt,row-dual-rt,fp32(64)-spup,ent-base-spup,ent-split-spup,row-split-spup,row-comp-spup,row-dual-spup,fp64-relerr,fp32(64)-relerr,ent-base-relerr,ent-split-relerr,row-split-relerr,row-comp-relerr,row-dual-relerr,fp32(32)-rt,fp32(32)-spup,fp32(32)-relerr
random_sparse_matrix_32,524671,1500,1500,0,r,1.0,0,349.780667,293,404,524671,0,100.0,26558,498113,5.061999999999999,0,524671,0.0,168.969345,139.848679,140.7146,173.555389,168.324509,172.724091,168.31514,1.20823,1.200795,0.973576,1.003831,0.978262,1.003887,0.0,4.27732e-08,4.27732e-08,5.04008e-10,0.0,0.0,0.0,135.800003,1.244251,1.48083e-05
random_sparse_matrix_47,696048,1500,1500,0,r,1.0,0,464.032,408,525,696048,0,100.0,34644,661404,4.977,0,696048,0.0,219.670883,179.217499,179.121445,220.827301,219.343399,225.672958,219.262009,1.225722,1.22638,0.994763,1.001493,0.973404,1.001865,0.0,4.69168e-08,4.69168e-08,5.39864e-10,0.0,0.0,0.0,177.472549,1.237774,1.57113e-05
random_sparse_matrix_41,711705,1500,1500,0,r,1.0,0,474.47,417,528,711705,0,100.0,35434,676271,4.979,0,711705,0.0,224.620636,183.471527,183.507355,225.610977,224.410141,228.53479,224.297089,1.224281,1.224042,0.99561,1.000938,0.982873,1.001442,0.0,4.62344e-08,4.62344e-08,5.46214e-10,0.0,0.0,0.0,181.773407,1.235718,1.65227e-05
random_sparse_matrix_45,792489,1500,1500,0,r,1.0,0,528.326,466,586,792489,0,100.0,39799,752690,5.022,0,792489,0.0,250.092697,204.316711,204.771515,250.220123,249.809433,259.079559,249.755966,1.224044,1.221326,0.999491,1.001134,0.965312,1.001348,0.0,4.86787e-08,4.86787e-08,5.77452e-10,0.0,0.0,0.0,202.377319,1.235774,1.67335e-05
random_sparse_matrix_1,415983,1500,1500,0,r,1.0,0,277.322,229,323,415983,0,100.0,20994,394989,5.047,0,415983,0.0,136.170044,115.973122,118.942017,147.096069,136.294525,143.295486,136.320038,1.174152,1.144844,0.925722,0.999087,0.950274,0.9989,0.0,4.36669e-08,4.36669e-08,5.0543e-10,0.0,0.0,0.0,110.288094,1.234676,1.38427e-05
random_sparse_matrix_36,597051,1500,1500,0,r,1.0,0,398.034,341,449,597051,0,100.0,29649,567402,4.966,0,597051,0.0,192.157852,157.794403,158.134247,193.85527,192.032257,198.876389,192.003647,1.217774,1.215156,0.991244,1.000654,0.966218,1.000803,0.0,4.88019e-08,4.88019e-08,5.25054e-10,0.0,0.0,0.0,155.944,1.232223,1.54426e-05
random_sparse_matrix_34,565541,1500,1500,0,r,1.0,0,377.027333,329,433,565541,0,100.0,28246,537295,4.995,0,565541,0.0,182.045029,151.253754,152.926041,182.110275,181.892166,185.405319,181.908356,1.203574,1.190412,0.999642,1.00084,0.981876,1.000751,0.0,4.6192e-08,4.6192e-08,5.4571e-10,0.0,0.0,0.0,147.503418,1.234175,1.49115e-05
random_sparse_matrix_17,687460,1500,1500,0,r,1.0,0,458.306667,401,525,687460,0,100.0,34202,653258,4.9750000000000005,0,687460,0.0,217.297028,177.668961,177.567902,217.875397,216.981125,222.780487,217.040771,1.223044,1.22374,0.997345,1.001456,0.975386,1.001181,0.0,3.8873e-08,3.8873e-08,4.18071e-10,0.0,0.0,0.0,175.926788,1.235156,1.59886e-05
random_sparse_matrix_43,543800,1500,1500,0,r,1.0,0,362.533333,298,412,543800,0,100.0,27440,516360,5.045999999999999,0,543800,0.0,175.106308,144.985123,145.537308,176.513504,174.946457,177.706787,175.004028,1.207754,1.203171,0.992028,1.000914,0.985366,1.000584,0.0,4.64488e-08,4.64488e-08,5.58786e-10,0.0,0.0,0.0,141.927429,1.233774,1.45759e-05
random_sparse_matrix_49,798588,1500,1500,0,r,1.0,0,532.392,471,591,798588,0,100.0,39830,758758,4.988,0,798588,0.0,251.639175,205.368317,205.829376,252.842499,251.290558,257.330139,251.274139,1.225307,1.222562,0.995241,1.001387,0.977885,1.001453,0.0,4.71809e-08,4.71809e-08,5.52036e-10,0.0,0.0,0.0,204.037277,1.2333,1.58985e-05
random_sparse_matrix_18,117285,1500,1500,0,r,1.0,0,78.19,54,105,117285,0,100.0,5816,111469,4.9590000000000005,0,117285,0.0,57.312096,50.941025,52.066208,59.691265,58.104607,57.454494,57.609375,1.125068,1.100754,0.960142,0.986361,0.997522,0.99484,0.0,4.30196e-08,4.30196e-08,4.97735e-10,0.0,0.0,0.0,29.079872,1.970851,1.00621e-05
random_sparse_matrix_3,668631,1500,1500,0,r,1.0,0,445.754,383,505,668631,0,100.0,33686,634945,5.038,0,668631,0.0,211.570175,172.604736,173.322266,212.278656,211.171204,217.691269,211.315323,1.22575,1.220675,0.996662,1.001889,0.971882,1.001206,0.0,4.26491e-08,4.26491e-08,4.83344e-10,0.0,0.0,0.0,170.959198,1.237548,1.58142e-05
random_sparse_matrix_5,806279,1500,1500,0,r,1.0,0,537.519333,477,600,806279,0,100.0,40170,766109,4.982,0,806279,0.0,253.673508,206.796188,207.640289,255.431259,253.338791,259.264832,253.403366,1.226684,1.221697,0.993118,1.001321,0.978434,1.001066,0.0,4.83746e-08,4.83746e-08,5.78377e-10,0.0,0.0,0.0,204.96582,1.237638,1.62409e-05
random_sparse_matrix_8,841487,1500,1500,0,r,1.0,0,560.991333,496,616,841487,0,100.0,42097,799390,5.003,0,841487,0.0,264.2547,214.311646,214.661407,264.07251,263.785004,268.977112,263.641113,1.233039,1.23103,1.00069,1.001781,0.982443,1.002327,0.0,3.93573e-08,3.93573e-08,4.84377e-10,0.0,0.0,0.0,213.427139,1.238149,1.69179e-05
random_sparse_matrix_26,133821,1500,1500,0,r,1.0,0,89.214,61,119,133821,0,100.0,6659,127162,4.976,0,133821,0.0,60.864353,57.360802,57.800415,62.394878,61.535583,60.850178,60.869408,1.061079,1.053009,0.97547,0.989092,1.000233,0.999917,0.0,4.31146e-08,4.31146e-08,4.83994e-10,0.0,0.0,0.0,37.793568,1.610442,9.99347e-06
random_sparse_matrix_30,584180,1500,1500,0,r,1.0,0,389.453333,331,450,584180,0,100.0,29026,555154,4.968999999999999,0,584180,0.0,188.365829,155.808578,156.251236,189.266663,188.646881,195.444321,188.50563,1.208957,1.205532,0.99524,0.99851,0.963783,0.999258,0.0,4.68792e-08,4.68792e-08,5.48178e-10,0.0,0.0,0.0,152.577408,1.234559,1.49121e-05
random_sparse_matrix_50,822919,1500,1500,0,r,1.0,0,548.612667,495,614,822919,0,100.0,41280,781639,5.016,0,822919,0.0,258.426422,209.83046,210.236069,259.656219,258.00238,263.277832,257.788818,1.231596,1.22922,0.995264,1.001644,0.981573,1.002473,0.0,4.14252e-08,4.14252e-08,5.01787e-10,0.0,0.0,0.0,208.711746,1.238198,1.67268e-05
random_sparse_matrix_15,196707,1500,1500,0,r,1.0,0,131.138,98,180,196707,0,100.0,9687,187020,4.925,0,196707,0.0,79.037346,77.223938,78.537857,78.514847,80.62912,79.925087,79.395134,1.023482,1.00636,1.006655,0.980258,0.988893,0.995494,0.0,4.51194e-08,4.51194e-08,5.19353e-10,0.0,0.0,0.0,58.306911,1.35554,1.10365e-05
random_sparse_matrix_14,331964,1500,1500,0,r,1.0,0,221.309333,179,266,331964,0,100.0,16632,315332,5.01,0,331964,0.0,111.975037,100.352638,102.28038,117.834084,111.789536,113.575935,111.018463,1.115816,1.094785,0.950277,1.001659,0.985905,1.008616,0.0,4.48278e-08,4.48278e-08,5.11621e-10,0.0,0.0,0.0,88.776993,1.261307,1.242e-05
random_sparse_matrix_27,750845,1500,1500,0,r,1.0,0,500.563333,438,556,750845,0,100.0,37399,713446,4.981,0,750845,0.0,237.832443,194.854141,195.988739,236.413498,237.592545,240.46199,237.521469,1.220567,1.213501,1.006002,1.00101,0.989065,1.001309,0.0,4.38965e-08,4.38965e-08,5.47754e-10,0.0,0.0,0.0,193.249283,1.230703,1.65971e-05
random_sparse_matrix_2,434473,1500,1500,0,r,1.0,0,289.648667,239,343,434473,0,100.0,21677,412796,4.989,0,434473,0.0,140.670883,117.0839,119.691841,149.673721,140.559006,145.586334,140.525284,1.201454,1.175275,0.93985,1.000796,0.966237,1.001036,0.0,3.75638e-08,3.75638e-08,4.47525e-10,0.0,0.0,0.0,113.755806,1.236604,1.42997e-05
random_sparse_matrix_48,289017,1500,1500,0,r,1.0,0,192.678,152,243,289017,0,100.0,14424,274593,4.9910000000000005,0,289017,0.0,102.432671,93.851746,94.934273,104.515137,103.195969,105.358177,101.89843,1.091431,1.078985,0.980075,0.992603,0.972233,1.005243,0.0,4.17043e-08,4.17043e-08,4.969e-10,0.0,0.0,0.0,79.101761,1.294948,1.24173e-05
random_sparse_matrix_12,748779,1500,1500,0,r,1.0,0,499.186,438,559,748779,0,100.0,37615,711164,5.024,0,748779,0.0,237.112167,194.328064,195.46199,236.345856,236.82135,239.689255,236.629593,1.220164,1.213086,1.003242,1.001228,0.989248,1.002039,0.0,5.02589e-08,5.02589e-08,5.74325e-10,0.0,0.0,0.0,192.279449,1.233164,1.56522e-05
random_sparse_matrix_42,457930,1500,1500,0,r,1.0,0,305.286667,256,364,457930,0,100.0,23054,434876,5.034000000000001,0,457930,0.0,148.037094,123.2472,123.933022,153.629349,148.198212,154.271301,148.223679,1.20114,1.194493,0.963599,0.998913,0.959589,0.998741,0.0,4.315e-08,4.315e-08,4.19466e-10,0.0,0.0,0.0,119.466301,1.239154,1.46692e-05
random_sparse_matrix_35,197246,1500,1500,0,r,1.0,0,131.497333,99,175,197246,0,100.0,9858,187388,4.997999999999999,0,197246,0.0,79.197441,77.678589,78.941696,80.270691,80.680412,80.132156,79.469826,1.019553,1.00324,0.98663,0.981619,0.988335,0.996572,0.0,4.20029e-08,4.20029e-08,4.71029e-10,0.0,0.0,0.0,58.417599,1.355712,1.08816e-05
random_sparse_matrix_24,708553,1500,1500,0,r,1.0,0,472.368667,409,536,708553,0,100.0,35304,673249,4.983,0,708553,0.0,223.752762,182.790848,182.700867,224.393921,223.493286,227.106598,223.450531,1.224092,1.224695,0.997143,1.001161,0.985232,1.001353,0.0,5.01905e-08,5.01905e-08,5.71106e-10,0.0,0.0,0.0,181.172958,1.235023,1.64971e-05
random_sparse_matrix_7,208600,1500,1500,0,r,1.0,0,139.066667,91,193,208600,0,100.0,10535,198065,5.050000000000001,0,208600,0.0,83.912766,80.114433,81.035072,86.21907,85.666046,85.587006,84.812355,1.047411,1.035512,0.973251,0.979534,0.980438,0.989393,0.0,4.49372e-08,4.49372e-08,5.32339e-10,0.0,0.0,0.0,61.377312,1.367163,1.0914e-05
random_sparse_matrix_16,288578,1500,1500,0,r,1.0,0,192.385333,155,240,288578,0,100.0,14390,274188,4.987,0,288578,0.0,102.159073,93.783165,94.908638,104.444542,103.496704,105.700157,102.198013,1.089311,1.076394,0.978118,0.987076,0.966499,0.999619,0.0,4.55292e-08,4.55292e-08,5.11586e-10,0.0,0.0,0.0,79.280418,1.288579,1.22137e-05
random_sparse_matrix_10,322768,1500,1500,0,r,1.0,0,215.178667,171,259,322768,0,100.0,16127,306641,4.9959999999999996,0,322768,0.0,110.953728,99.215935,101.919556,115.92189,111.008606,112.781662,109.971779,1.118306,1.08864,0.957142,0.999506,0.983792,1.008929,0.0,4.88426e-08,4.88426e-08,5.02335e-10,0.0,0.0,0.0,86.814911,1.278049,1.22733e-05
random_sparse_matrix_4,554602,1500,1500,0,r,1.0,0,369.734667,312,427,554602,0,100.0,27808,526794,5.013999999999999,0,554602,0.0,178.240036,148.331711,148.744324,179.5121,177.889633,180.686142,177.889221,1.201631,1.198298,0.992914,1.00197,0.986462,1.001972,0.0,4.6459e-08,4.6459e-08,5.43134e-10,0.0,0.0,0.0,145.041595,1.228889,1.47377e-05
random_sparse_matrix_44,830589,1500,1500,0,r,1.0,0,553.726,492,611,830589,0,100.0,41846,788743,5.038,0,830589,0.0,260.695831,211.504089,211.928391,261.916779,260.171387,265.239075,260.151062,1.232581,1.230113,0.995338,1.002016,0.982871,1.002094,0.0,5.1416e-08,5.1416e-08,5.92184e-10,0.0,0.0,0.0,210.548477,1.238175,1.69549e-05
random_sparse_matrix_37,757077,1500,1500,0,r,1.0,0,504.718,445,586,757077,0,100.0,37885,719192,5.0040000000000004,0,757077,0.0,239.740417,196.660538,196.718246,238.330399,239.479141,242.743195,239.489822,1.219057,1.218699,1.005916,1.001091,0.98763,1.001046,0.0,4.71829e-08,4.71829e-08,5.62699e-10,0.0,0.0,0.0,194.826202,1.230535,1.64111e-05
random_sparse_matrix_21,508736,1500,1500,0,r,1.0,0,339.157333,295,397,508736,0,100.0,25293,483443,4.972,0,508736,0.0,163.495102,135.655609,136.317566,169.264252,163.267868,169.750504,163.334045,1.205222,1.199369,0.965916,1.001392,0.963149,1.000986,0.0,4.35105e-08,4.35105e-08,5.19712e-10,0.0,0.0,0.0,131.970367,1.238877,1.4549e-05
random_sparse_matrix_11,653133,1500,1500,0,r,1.0,0,435.422,379,489,653133,0,100.0,32833,620300,5.027,0,653133,0.0,207.523804,168.868515,168.98349,208.723389,207.184921,213.200958,207.195587,1.228908,1.228071,0.994253,1.001636,0.973372,1.001584,0.0,4.60886e-08,4.60886e-08,5.55389e-10,0.0,0.0,0.0,167.264709,1.240691,1.51283e-05
random_sparse_matrix_38,624344,1500,1500,0,r,1.0,0,416.229333,353,472,624344,0,100.0,31156,593188,4.99,0,624344,0.0,198.328156,161.894684,162.088287,202.521561,198.061279,205.604767,198.073502,1.225044,1.223581,0.979294,1.001347,0.964609,1.001286,0.0,4.28181e-08,4.28181e-08,5.08288e-10,0.0,0.0,0.0,160.418106,1.23632,1.56816e-05
random_sparse_matrix_19,651068,1500,1500,0,r,1.0,0,434.045333,379,499,651068,0,100.0,32171,618897,4.941,0,651068,0.0,206.327621,167.927551,168.076187,208.389893,206.053223,212.20752,206.009018,1.22867,1.227584,0.990104,1.001332,0.972292,1.001547,0.0,4.76672e-08,4.76672e-08,5.82071e-10,0.0,0.0,0.0,166.519745,1.239058,1.63666e-05
random_sparse_matrix_46,543728,1500,1500,0,r,1.0,0,362.485333,298,421,543728,0,100.0,27243,516485,5.01,0,543728,0.0,174.688354,144.989273,146.851685,177.190369,174.473373,177.668839,174.509308,1.204836,1.189556,0.98588,1.001232,0.983224,1.001026,0.0,4.16911e-08,4.16911e-08,4.94068e-10,0.0,0.0,0.0,141.40979,1.235334,1.38667e-05
random_sparse_matrix_22,755724,1500,1500,0,r,1.0,0,503.816,444,570,755724,0,100.0,37910,717814,5.016,0,755724,0.0,239.309982,196.44986,196.442078,238.279846,239.283295,242.519775,239.243591,1.218173,1.218222,1.004323,1.000112,0.986765,1.000278,0.0,4.27511e-08,4.27511e-08,5.41961e-10,0.0,0.0,0.0,194.482788,1.230494,1.70254e-05
random_sparse_matrix_13,636540,1500,1500,0,r,1.0,0,424.36,370,476,636540,0,100.0,31965,604575,5.022,0,636540,0.0,201.925247,164.827484,164.87738,205.696671,201.666367,208.368698,201.660355,1.22507,1.2247,0.981665,1.001284,0.969077,1.001314,0.0,3.679e-08,3.679e-08,3.82765e-10,0.0,0.0,0.0,163.111618,1.237957,1.54906e-05
random_sparse_matrix_23,694612,1500,1500,0,r,1.0,0,463.074667,407,527,694612,0,100.0,34986,659626,5.037,0,694612,0.0,219.708221,179.247192,179.117691,220.799164,219.263779,225.26384,219.222916,1.225728,1.226614,0.995059,1.002027,0.975337,1.002214,0.0,4.02637e-08,4.02637e-08,5.05065e-10,0.0,0.0,0.0,177.638489,1.236828,1.61824e-05
random_sparse_matrix_20,199155,1500,1500,0,r,1.0,0,132.77,95,169,199155,0,100.0,9886,189269,4.9639999999999995,0,199155,0.0,80.547394,78.16243,79.464447,80.540993,82.126335,81.698303,81.432739,1.030513,1.013628,1.000079,0.980774,0.985913,0.989128,0.0,4.19159e-08,4.19159e-08,4.89414e-10,0.0,0.0,0.0,58.865215,1.368336,1.07115e-05
random_sparse_matrix_33,326780,1500,1500,0,r,1.0,0,217.853333,175,259,326780,0,100.0,16368,310412,5.009,0,326780,0.0,110.984833,99.443329,101.118271,116.937057,110.662659,112.265091,109.920067,1.116061,1.097574,0.949099,1.002911,0.988596,1.009687,0.0,4.69059e-08,4.69059e-08,5.21597e-10,0.0,0.0,0.0,87.748924,1.2648,1.18909e-05
random_sparse_matrix_40,822160,1500,1500,0,r,1.0,0,548.106667,494,601,822160,0,100.0,41240,780920,5.016,0,822160,0.0,258.389191,209.727173,210.859772,260.433014,257.923218,262.781982,257.823395,1.232025,1.225408,0.992152,1.001807,0.983284,1.002195,0.0,4.4987e-08,4.4987e-08,4.75341e-10,0.0,0.0,0.0,208.674042,1.238243,1.75564e-05
random_sparse_matrix_29,593110,1500,1500,0,r,1.0,0,395.406667,346,448,593110,0,100.0,29629,563481,4.9959999999999996,0,593110,0.0,190.695526,156.976028,157.157089,192.289948,190.79686,196.487228,190.865753,1.214807,1.213407,0.991708,0.999469,0.970524,0.999108,0.0,4.14061e-08,4.14061e-08,4.48544e-10,0.0,0.0,0.0,154.586716,1.233583,1.49544e-05
random_sparse_matrix_6,605867,1500,1500,0,r,1.0,0,403.911333,352,457,605867,0,100.0,30254,575613,4.994,0,605867,0.0,193.606491,158.806213,160.058334,196.746109,193.451431,199.381989,193.471741,1.219137,1.2096,0.984042,1.000802,0.971033,1.000696,0.0,3.82535e-08,3.82535e-08,4.52652e-10,0.0,0.0,0.0,156.757889,1.235067,1.51905e-05
random_sparse_matrix_9,579843,1500,1500,0,r,1.0,0,386.562,337,437,579843,0,100.0,28961,550882,4.995,0,579843,0.0,187.32576,155.100098,155.913849,186.760071,187.29184,194.026016,187.206055,1.207773,1.20147,1.003029,1.000181,0.965467,1.000639,0.0,4.8902e-08,4.8902e-08,5.41174e-10,0.0,0.0,0.0,151.732742,1.234577,1.53305e-05
random_sparse_matrix_31,845219,1500,1500,0,r,1.0,0,563.479333,510,632,845219,0,100.0,42347,802872,5.01,0,845219,0.0,265.072388,215.098053,215.371552,265.494965,264.795166,270.074829,264.624298,1.232333,1.230768,0.998408,1.001047,0.981478,1.001693,0.0,3.45019e-08,3.45019e-08,4.17303e-10,0.0,0.0,0.0,214.106918,1.238037,1.73975e-05
random_sparse_matrix_28,886723,1500,1500,0,r,1.0,0,591.148667,530,653,886723,0,100.0,43994,842729,4.961,0,886723,0.0,277.970184,226.076065,226.61293,276.858521,277.652649,283.040344,277.567352,1.229543,1.22663,1.004015,1.001144,0.982087,1.001451,0.0,4.90065e-08,4.90065e-08,5.48408e-10,0.0,0.0,0.0,224.477982,1.238296,1.74096e-05
random_sparse_matrix_39,673343,1500,1500,0,r,1.0,0,448.895333,381,503,673343,0,100.0,33771,639572,5.015,0,673343,0.0,213.100281,174.048355,174.600998,213.457825,212.796478,219.975449,212.866684,1.224374,1.220499,0.998325,1.001428,0.968746,1.001097,0.0,4.82433e-08,4.82433e-08,5.69531e-10,0.0,0.0,0.0,172.492798,1.235416,1.62535e-05
random_sparse_matrix_25,834545,1500,1500,0,r,1.0,0,556.363333,493,625,834545,0,100.0,41540,793005,4.978,0,834545,0.0,261.958435,212.143906,212.706589,262.301575,261.418518,266.388031,261.441254,1.234815,1.231548,0.998692,1.002065,0.983372,1.001978,0.0,4.34791e-08,4.34791e-08,4.98838e-10,0.0,0.0,0.0,211.288986,1.239811,1.78559e-05