matrix,Adaptive-rt
ex19.mtx,232.75
cryg10000.mtx,38.1676
sctap1-2r_A_03.mtx,20.9373
hydr1c_A_50.mtx,41.1644
G56.mtx,29.2898
delf_A_14.mtx,38.0062
oscil_dcop_46.mtx,18.1607
t2d_q9_A_19.mtx,74.5061
scrs8-2r_A_04.mtx,19.4342
tumorAntiAngiogenesis_3.mtx,40.6892
mesh3em5.mtx,18.7887
bfwa398.mtx,20.4933
chipcool1_E.mtx,28.5871
sctap1-2r_A_04.mtx,23.8231
sctap1-2r_A_07.mtx,53.5028
nemeth25.mtx,601.418
Kuu.mtx,154.162
Zd_Jac3_db.mtx,650.271
p0282.mtx,22.1233
oscil_dcop_26.mtx,18.449
igbt3.mtx,359.847
dw8192.mtx,35.0876
t2dal_bci_E.mtx,18.3399
nsic_A_2.mtx,25.9542
lp_finnis.mtx,22.0715
cari.mtx,159.432
t2d_q4_A_10.mtx,73.4993
g7jac100sc.mtx,850.648
D_10.mtx,23.8908
psse2.mtx,95.303
bcsstm07.mtx,20.5659
TSOPF_FS_b300_b.mtx,35.4114
oscil_dcop_41.mtx,18.2505
mult_dcop_02.mtx,2829.01
lp_scagr25.mtx,42.748
deter8.mtx,65.3104
Kaufhold.mtx,172.097
gre_115.mtx,30.498
t2d_q4_A_39.mtx,98.4078
arc130.mtx,109.504
Trec14.mtx,2851.02
c8_mat11.mtx,2379.89
rat.mtx,236.048
TEM27623_M.mtx,218.532
lp_standgub.mtx,101.41
r05.mtx,169.799
t2d_q9_A_39.mtx,87.29
hydr1c_A_49.mtx,39.7611
nsir_A_1.mtx,271.01
lop163.mtx,17.3464
g7jac080.mtx,649.891
add32.mtx,84.8388
Reuters911_Day_37.mtx,49.4254
OPF_3754.mtx,136.149
GL7d26.mtx,54.5938
IG5-17.mtx,972.194
sctap1-2b_A_3.mtx,168.738
oscil_dcop_42.mtx,18.121
M80PI_n1.mtx,23.5556
g7jac020.mtx,102.475
bayer05.mtx,116.764
celegansneural.mtx,22.6916
rlfdual.mtx,249.369
m3plates.mtx,22.3944
sctap1-2r_A_11.mtx,285.539
bcsstk04.mtx,19.9185
bloweybl.mtx,1133.59
wiki-RfA_Neutral.mtx,83.0209
nsir_A_2.mtx,299.76
Reuters911_Day_03.mtx,80.1908
nemsafm.mtx,21.4559
TSOPF_RS_b2052_c1_b.mtx,45.3178
g7jac040.mtx,257.116
t2d_q9_A_44.mtx,89.5336
spal_004.mtx,56945.5
sx-mathoverflow.mtx,1075.41
case9_b2_02.mtx,40.9356
EternityII_A.mtx,882.598
hydr1c_A_16.mtx,55.9453
case9_b1_04.mtx,43.4726
deter4.mtx,60.0572
rw136.mtx,34.6281
S80PI_n.mtx,43.9679
orbitRaising_1.mtx,33.9177
lp_ship04s.mtx,40.5445
deter1.mtx,79.4298
delf_A_01.mtx,50.7347
Reuters911_Day_28.mtx,67.6403
tuma1.mtx,72.6398
delf_A_30.mtx,52.4258
Reuters911_Day_09.mtx,67.2095
sctap1-2r_A_10.mtx,163.579
GL6_D_10.mtx,35.6484
Reuters911_Day_48.mtx,56.3692
jan99jac040sc.mtx,258.757
large_A_34.mtx,58.6375
scsd8-2r_A_10.mtx,101.93
TEM27623.mtx,218.039
scfxm1-2b.mtx,210.13
t2dal.mtx,43.8927
bcsstm03.mtx,32.598
mk11-b4.mtx,59.6875
cavity02.mtx,62.4076
lp_stocfor1.mtx,33.381
c-43.mtx,97.3183
g7jac050sc.mtx,356.162
LFAT5000.mtx,70.997
n2c6-b5.mtx,45.8507
Reuters911_Day_63.mtx,52.7548
tumorAntiAngiogenesis_8.mtx,58.8641
case9_b2_05.mtx,41.1538
TSOPF_RS_b300_c1.mtx,1247.3
lp_sctap1.mtx,37.3452
oscil_dcop_38.mtx,35.252
large_A_05.mtx,62.1575
scsd8-2c_A_2.mtx,34.8653
c-52.mtx,306.868
large_A_15.mtx,60.832
scsd8-2r_A_09.mtx,56.0106
fd18.mtx,68.6379
lp_grow7.mtx,34.1797
problem1.mtx,32.4988
chipcool0_E.mtx,46.6076
mark3jac020.mtx,263.939
ABACUS_shell_hd_M.mtx,181.064
delf_A_32.mtx,54.3726
bcsstk28.mtx,124.272
hydr1c_A_60.mtx,56.8691
rajat13.mtx,591.956
bips98_1450_C.mtx,31.7934
shermanACd.mtx,583.152
n4c6-b13.mtx,83.7221
Reuters911_Day_38.mtx,60.3366
rat_A_3.mtx,235.466
bips98_1450.mtx,69.1778
t2d_q9_A_41.mtx,87.3507
sme3Db.mtx,1881.01
t2d_q9_A_43.mtx,90.4508
scsd8-2b_A_3.mtx,119.774
IG5-15.mtx,374.538
cavity19.mtx,176.514
t2d_q4_A_22.mtx,91.7251
lp_agg.mtx,33.9973
kineticBatchReactor_5.mtx,177.994
soc-sign-bitcoin-alpha.mtx,101.182
model1.mtx,36.9539
t2d_q9_A_09.mtx,87.0037
gre_216a.mtx,31.4699
t2d_q4_A_29.mtx,95.1319
lp_cre_a.mtx,79.7055
c-53.mtx,265.043
viscoplastic1_C_1.mtx,67.0384
lp_lotfi.mtx,45.5073
impcol_c.mtx,38.4954
EternityII_E.mtx,7784.36
bcsstk15.mtx,80.9879
t2d_q4_A_04.mtx,100.875
c-26.mtx,89.0799
goodwin.mtx,421.871
Muu.mtx,104.633
case9_A_05.mtx,90.3569
t2d_q4_A_31.mtx,99.2757
t2d_q9_A_24.mtx,103.599
wm2.mtx,46.7294
lhr04c.mtx,127.247
bcsstm04.mtx,39.1064
G64.mtx,59.4986
scsd8-2r_A_05.mtx,38.4165
t2d_q9_A_15.mtx,95.4865
wiki-RfA_Positive.mtx,531.257
hvdc1.mtx,208.11
cbuckle_G.mtx,279.305
Pd_b.mtx,48.5548
flowmeter0_E.mtx,40.4402
SiH4.mtx,119.954
Glass_10NN.mtx,39.704
08blocks.mtx,39.9973
t2d_q4_A_30.mtx,96.2184
li.mtx,1285.12
oscil_dcop_47.mtx,32.5655
wm3.mtx,41.903
ck104.mtx,31.3973
bodyy5.mtx,79.955
case9.mtx,78.1737
delf_A_09.mtx,57.5834
raefsky3.mtx,1011.12
kineticBatchReactor_4.mtx,171.087
n3c6-b6.mtx,53.7932
n4c6-b12.mtx,268.013
Pd_rhs.mtx,38.8309
de2010.mtx,122.276
TSOPF_FS_b300_c1_b.mtx,54.8178
scsd8-2c_A_1.mtx,62.7009
geom.mtx,75.3742
worms20_10NN.mtx,140.998
nopss_11k_C.mtx,29.8346
g7jac060sc.mtx,472.685
Reuters911_Day_19.mtx,50.9633
rdb5000.mtx,43.6974
light_in_tissue_Q.mtx,36.3778
bcsstk36.mtx,469.218
bips07_1998.mtx,92.8854
cyl6.mtx,382.681
Franz9.mtx,89.7217
nsct.mtx,867.279
t2d_q4_A_43.mtx,94.1821
ch8-8-b2.mtx,63.6292
oscil_dcop_40.mtx,35.8042
t2d_q9_A_26.mtx,92.2233
IG5-14.mtx,213.439
baxter.mtx,466.357
ABACUS_shell_ld_M.mtx,180.21
dynamicSoaringProblem_4.mtx,43.478
bayer10.mtx,292.696
Reuters911_Day_25.mtx,64.8602
Reuters911_Day_41.mtx,58.2037
nemeth01.mtx,353.765
nemeth16.mtx,263.506
Goodwin_040.mtx,513.266
Reuters911_Day_24.mtx,53.8444
large_A_01.mtx,59.986
t2d_q4_A_09.mtx,92.044
scfxm1-2b_A_3.mtx,209.509
mimo8x8_system.mtx,75.4589
s3rmq4m1.mtx,188.159
TSOPF_RS_b162_c1_b.mtx,35.5458
SmallW.mtx,48.0126
Reuters911_Day_51.mtx,60.269
oscil_dcop_24.mtx,32.9346
c-28.mtx,76.1783
rail4284.mtx,21620.4
t2d_q9_A_03.mtx,94.7108
IG5-9.mtx,43.9107
Reuters911_Day_61.mtx,63.4967
GL6_D_9.mtx,39.2532
flowmeter5_E.mtx,41.0573
stokes64s.mtx,75.7807
delf_A_35.mtx,55.3041
large_A_07.mtx,67.7026
e18.mtx,154.131
large_A_19.mtx,59.0981
Trefethen_200.mtx,30.5633
hydr1c_A_24.mtx,62.7668
std1_Jac2_db.mtx,533.406
t2d_q9_A_01.mtx,91.276
lpl3.mtx,162.914
c-44.mtx,136.842
rdb200l.mtx,30.7719
lns_3937.mtx,42.134
mark3jac040sc.mtx,497.252
t2d_q9_A_04.mtx,95.5539
oscil_dcop_07.mtx,32.8586
ch7-8-b2.mtx,53.5191
ex9.mtx,68.6889
Reuters911_Day_13.mtx,56.4532
msc10848.mtx,563.973
nemeth02.mtx,213.442
scsd8-2r_A_01.mtx,32.8518
south31.mtx,123.207
testbig.mtx,82.696
cavity01.mtx,41.2383
hydr1c_A_21.mtx,56.401
flowmeter5.mtx,74.256
bayer03.mtx,241.651
JapaneseVowelsSmall_10NN.mtx,89.1876
lp_bandm.mtx,38.0658
t2dah_B.mtx,36.5595
t2dal_bci.mtx,40.5534
lhr11c.mtx,257.823
poisson3Da.mtx,338.903
hydr1c_A_36.mtx,56.505
pivtol.mtx,30.3995
t2dal_e.mtx,33.3634
chipcool0_B.mtx,41.1029
hydr1c_A_14.mtx,60.0736
Reuters911_Day_66.mtx,56.3611
dynamicSoaringProblem_6.mtx,41.7108
hydr1c.mtx,74.5449
Reuters911_Day_45.mtx,56.2168
cavity16.mtx,159.076
Maragal_6.mtx,1380.76
nemsemm1.mtx,2127.37
mesh3e1.mtx,32.9163
TSOPF_RS_b39_c7.mtx,193.298
t2d_q9_A_31.mtx,93.8281
tols4000.mtx,40.9268
Reuters911_Day_31.mtx,64.402
tols340.mtx,38.7843
oscil_dcop_28.mtx,31.1938
oscil_dcop_52.mtx,31.6715
large_A_20.mtx,63.3273
kineticBatchReactor_8.mtx,186.302
bas1lp.mtx,566.927
c-30.mtx,50.8949
fs_183_4.mtx,38.3261
Trec10.mtx,60.4566
ex40.mtx,424.256
t2d_q4_A_40.mtx,89.776
lpi_box1.mtx,33.2353
Reuters911_Day_39.mtx,65.803
LF10000_E.mtx,76.3686
t2dal_bci_B.mtx,30.0237
bcsstk20.mtx,31.0257
t2dah_a.mtx,105.074
case9_b2_04.mtx,40.9598
viscoplastic1_C_2.mtx,61.6745
LFAT5000_E.mtx,65.3998
S80PI_n1_E.mtx,33.7756
xingo_afonso_itaipu.mtx,77.2628
Franz5.mtx,58.1081
c-41.mtx,152.839
hydr1c_A_08.mtx,61.2112
bips07_1693.mtx,76.5533
t2d_q4_A_07.mtx,91.705
k3plates.mtx,338.793
hydr1c_A_43.mtx,56.1766
lpi_chemcom.mtx,32.1075
large_A_30.mtx,64.3813
t2d_q9_A_33.mtx,87.9822
scsd8-2r_A_07.mtx,43.6808
human_gene1.mtx,14641.3
raefsky6.mtx,271.623
Reuters911_Day_57.mtx,46.7679
rail_20209_E.mtx,98.9887
lp_pds_06.mtx,120.45
t2d_q9_A_32.mtx,87.8808
Reuters911_Day_49.mtx,60.2454
ex31.mtx,280.59
c-40.mtx,61.11
mixtank_new.mtx,1578.88
S80PI_n_E.mtx,33.1374
Lederberg.mtx,243.971
Reuters911_Day_08.mtx,62.2954
hydr1c_A_26.mtx,54.9421
delf_A_16.mtx,52.3529
case9_b2_11.mtx,46.2492
lp_share1b.mtx,39.4227
lp_ken_11.mtx,105.091
nsic.mtx,41.1939
ACTIVSg10K.mtx,189.517
scagr7-2b.mtx,80.6883
case9_b1_10.mtx,51.1949
photogrammetry2.mtx,67.2202
scsd8-2r_A_06.mtx,39.379
p05.mtx,102.575
large_A_23.mtx,60.6299
delf_A_24.mtx,53.4698
large_A_26.mtx,64.1625
mbeaflw.mtx,100.299
LF10000.mtx,77.7368
hydr1c_A_11.mtx,55.5564
nemeth26.mtx,636.912
rail_20209_C.mtx,37.2234
lp_nug12.mtx,50.9243
delf_A_04.mtx,54.7536
msc04515.mtx,67.5633
poli3.mtx,162.681
hydr1c_A_55.mtx,59.3495
stat96v1.mtx,607.159
hydr1c_A_09.mtx,57.4337
fv1.mtx,61.4573
sctap1-2r.mtx,311.408
hydr1c_A_47.mtx,54.754
hydr1c_A_66.mtx,54.3455
lns_131.mtx,31.5955
steam1.mtx,45.8131
deter7.mtx,86.601
lowThrust_10.mtx,111.341
Reuters911_Day_18.mtx,66.924
g7jac080sc.mtx,678.724
s1rmt3m1.mtx,125.237
case9_b2_06.mtx,40.8677
exdata_1.mtx,1026.52
sctap1-2b.mtx,185.382
TSOPF_RS_b39_c7_b.mtx,42.4409
nemeth13.mtx,234.599
large_A_12.mtx,57.2283
t2d_q4_A_16.mtx,88.0274
mk12-b2.mtx,52.7596
lhr17c.mtx,396.548
Hamrle2_b.mtx,36.1593
scrs8-2r.mtx,103.918
lp_ship04l.mtx,42.0822
M80PI_n1_E.mtx,32.4649
large_A_27.mtx,59.787
Kemelmacher.mtx,118.506
freeFlyingRobot_16.mtx,168.649
plat362.mtx,34.9231
scsd8-2b_A_2.mtx,36.9799
bcsstm22.mtx,29.5991
ABACUS_shell_hd_E.mtx,87.5866
cz5108.mtx,71.3248
breasttissue_10NN.mtx,40.7562
memplus.mtx,465.715
ch7-7-b2.mtx,59.5532
wiki-RfA_Negative.mtx,229.968
fs_183_3.mtx,37.7425
Zd_Jac2.mtx,1748.66
t2d_q4_A_25.mtx,91.791
large_A_17.mtx,60.3849
large_A_04.mtx,61.4232
Hamrle2.mtx,48.0469
t2d_q9_A_22.mtx,87.7538
g7jac040sc.mtx,267.197
har_10NN.mtx,129.768
hydr1c_A_51.mtx,58.1172
FEM_3D_thermal1.mtx,340.566
ABACUS_shell_ld_E.mtx,89.2397
lp_d6cube.mtx,643.386
ex1.mtx,51.2158
gams30a.mtx,50.6377
lowThrust_4.mtx,106.702
bcsstm05.mtx,36.9384
t2dal_bci_Abottom.mtx,31.465
hydr1c_A_44.mtx,54.5243
cavity23.mtx,204.536
pgp2.mtx,56.7876
LeGresley_4908.mtx,59.3862
t2d_q4_A_26.mtx,104.725
poli.mtx,57.3323
delf_A_13.mtx,75.7379
hydr1c_A_75.mtx,71.4053
t2d_q4_A_34.mtx,113.827
cq5.mtx,121.538
lp_bore3d.mtx,39.1886
hydr1c_A_06.mtx,69.2489
c-29.mtx,96.9905
2D_27628_bjtcai.mtx,887.991
lpi_bgetam.mtx,42.4215
Franz4.mtx,64.2395
delf_A_17.mtx,60.142
n2c6-b9.mtx,41.1708
spaceStation_2.mtx,47.186
model7.mtx,99.3808
oscil_dcop_30.mtx,45.811
oscil_dcop_06.mtx,41.6299
c-46.mtx,112.987
ns3Da.mtx,1631.59
t2d_q4_A_05.mtx,94.6322
delf_A_18.mtx,54.3497
wang4.mtx,132.852
ABACUS_shell_ud.mtx,196.456
linverse.mtx,59.8274
n3c6-b1.mtx,29.5199
t2d_q4_A_44.mtx,91.2826
Reuters911_Day_56.mtx,66.8262
oscil_dcop_51.mtx,32.3086
oscil_dcop_13.mtx,32.1388
t2d_q4_A_27.mtx,88.5403
t2d_q9_A_12.mtx,88.1547
delf_A_20.mtx,58.2351
bips07_1998_C.mtx,37.8127
sctap1-2r_A_01.mtx,38.0493
nug08-3rd.mtx,128.407
oscil_dcop_23.mtx,42.0384
rajat27.mtx,383.024
lp_cre_d.mtx,335.401
abtaha1.mtx,57.8035
ABACUS_shell_ld_K.mtx,203.954
epb1.mtx,94.9608
hydr1c_A_63.mtx,55.2945
soc-sign-bitcoin-alpha_Time.mtx,100.163
oscil_dcop_53.mtx,31.0895
nemeth15.mtx,241.882
delf_A_06.mtx,54.3344
large_A_31.mtx,60.9732
Reuters911_Day_32.mtx,58.5884
oscil_dcop_43.mtx,31.8393
hydr1c_A_72.mtx,64.5068
hydr1c_A_46.mtx,63.1473
delf_A_22.mtx,53.7815
bodyy6.mtx,86.2703
hydr1c_A_13.mtx,57.2947
t2d_q4.mtx,92.1399
cavity24.mtx,176.88
crystm03.mtx,205.679
IG5-8.mtx,50.0403
t2d_q9_A_17.mtx,93.5243
case9_b1_03.mtx,50.2407
ri2010.mtx,131.173
odepa400.mtx,30.8419
delf_A_02.mtx,59.4129
sit100.mtx,55.2113
Reuters911_Day_34.mtx,57.5155
case9_b2_03.mtx,41.8188
Reuters911_Day_44.mtx,58.7684
GD97_c.mtx,40.894
g7jac100.mtx,884.178
sctap1-2c_A_3.mtx,62.4328
hydr1c_A_02.mtx,59.8734
TSOPF_RS_b162_c1.mtx,186.353
Reuters911_Day_64.mtx,59.367
t2d_q4_A_21.mtx,93.9888
hydr1c_A_20.mtx,57.761
delf_A_07.mtx,53.291
bcsstm06.mtx,30.8388
odepb400.mtx,30.8732
model2.mtx,61.8128
kineticBatchReactor_7.mtx,204.748
large_A_16.mtx,68.1025
case9_A_01.mtx,89.1036
t2d_q9_A_34.mtx,95.5029
TF12.mtx,39.4808
ex37.mtx,124.925
olm5000.mtx,47.4933
jazz.mtx,49.2434
freeFlyingRobot_9.mtx,146.652
hydr1c_A_41.mtx,62.4011
cavity22.mtx,170.455
kineticBatchReactor_3.mtx,130.673
mhda416.mtx,43.7751
mhdb416.mtx,32.3578
hangGlider_5.mtx,857.713
nos5.mtx,35.3097
xingo3012.mtx,101.494
lnsp_131.mtx,32.2277
lhr07.mtx,198.699
rail_20209.mtx,94.4395
freeFlyingRobot_11.mtx,152.153
rajat05.mtx,41.5378
lp_israel.mtx,46.9342
TSOPF_RS_b300_c2_b.mtx,61.3857
human_gene2.mtx,10229.6
stoch_aircraft.mtx,44.6161
sinc15.mtx,459.961
t2d_q4_A_20.mtx,94.1291
large.mtx,63.7424
ABACUS_shell_md_M.mtx,182.181
Franz10.mtx,94.0211
t2d_q9_A_30.mtx,92.5397
fp.mtx,1004.97
hydr1c_A_04.mtx,59.1292
TSOPF_FS_b300.mtx,1730.83
bwm200.mtx,36.5574
scagr7-2b_A_3.mtx,85.8288
Journals.mtx,47.9654
GT01R.mtx,389.261
oscil_dcop_05.mtx,33.3892
ted_A_unscaled.mtx,431.925
oscil_dcop_04.mtx,37.6037
t2d_q9_A_16.mtx,94.4274
bips07_2476.mtx,102.684
Trefethen_20000b.mtx,209.001
scsd8-2c.mtx,116.734
bayer07.mtx,87.834
fome11.mtx,171.711
psse1.mtx,69.2374
cavity03.mtx,40.4612
Goodwin_023.mtx,199.341
Chebyshev3.mtx,463.121
delf.mtx,64.0914
Reuters911_Day_52.mtx,68.9555
hydr1c_A_65.mtx,57.6277
tumorAntiAngiogenesis_2.mtx,62.7444
sx-mathoverflow_C2A.mtx,371.507
jan99jac080.mtx,472.239
aug3d.mtx,59.6697
GL7d24.mtx,702.461
sme3Da.mtx,824.5
freeFlyingRobot_8.mtx,130.495
c-31.mtx,97.6651
wiki-RfA.mtx,676.368
psmigr_1.mtx,990.143
Maragal_5.mtx,308.645
oscil_dcop_17.mtx,37.3626
cage9.mtx,67.0007
ACTIVSg2000.mtx,79.2137
stat96v2.mtx,2903.71
aug2d.mtx,70.0557
hydr1c_A_32.mtx,60.2906
mult_dcop_03.mtx,3156.47
stormg2-8.mtx,64.5417
delf_A_25.mtx,55.1237
bcsstm20.mtx,30.9304
scagr7-2b_A_1.mtx,38.6011
sctap1-2r_A_08.mtx,75.053
IG5-16.mtx,617.73
freeFlyingRobot_13.mtx,164.329
TSOPF_RS_b162_c3.mtx,563.082
t2d_q4_A_12.mtx,96.1917
Zewail.mtx,176.54
n4c5-b5.mtx,57.9853
fome12.mtx,312.894
scsd8-2r_A_11.mtx,170.771
bcsstk16.mtx,165.205
oscil_dcop_27.mtx,41.5462
c-42.mtx,147.599
usps_norm_5NN.mtx,76.4532
gyro_k.mtx,484.106
west0497.mtx,38.9207
hydr1c_A_38.mtx,65.3597
sctap1-2r_A_02.mtx,37.4692
case9_A_11.mtx,82.2764
kineticBatchReactor_6.mtx,187.495
zed.mtx,34.5339
case9_b2_12.mtx,49.0086
lpi_klein2.mtx,35.9022
flowmeter0_B.mtx,40.6753
Goodwin_017.mtx,122.789
Trefethen_150.mtx,36.063
FA.mtx,139.127
nos4.mtx,33.5566
sctap1-2b_A_2.mtx,41.5179
hydr1c_A_23.mtx,54.5994
nemeth23.mtx,641.18
mark3jac020sc.mtx,271.434
G57.mtx,43.3262
oscil_dcop_08.mtx,35.1572
rat_A_1.mtx,95.6277
ex14.mtx,75.1353
scsd8-2b_A_1.mtx,40.9944
dbir2.mtx,2148.96
viscoplastic1_C_4.mtx,71.0053
hydr1c_A_19.mtx,64.8266
str_200.mtx,40.2447
freeFlyingRobot_10.mtx,169.489
oscil_dcop_54.mtx,41.6413
spaceStation_3.mtx,45.1151
ncvxqp1.mtx,67.4292
mimo28x28_system.mtx,79.5188
Goodwin_030.mtx,321.404
delf_A_21.mtx,59.4026
mesh2em5.mtx,37.4367
delf_A_31.mtx,58.7468
t2d_q4_A_24.mtx,105.064
jan99jac080sc.mtx,479.811
thread.mtx,1833.46
s2rmt3m1.mtx,130.621
jan99jac060sc.mtx,365.893
delf_A_27.mtx,59.4842
tumorAntiAngiogenesis_1.mtx,45.9892
nemeth07.mtx,222.38
Reuters911_Day_46.mtx,60.9387
rotor1.mtx,46.7181
lpi_ex73a.mtx,34.5132
crystk02.mtx,410.855
deter3.mtx,110.313
Reuters911_Day_58.mtx,60.3865
mark3jac040.mtx,499.719
case9_b1_07.mtx,43.586
lp_scrs8.mtx,35.6212
nemeth12.mtx,225.454
scrs8-2r_A_01.mtx,31.7633
wang3.mtx,129.434
hydr1c_A_48.mtx,55.2702
case9_b1_06.mtx,41.8273
lpi_pang.mtx,42.2735
Reuters911_Day_59.mtx,62.3406
graham1.mtx,352.536
lowThrust_3.mtx,53.6899
t2d_q9_A_45.mtx,89.7889
cell1.mtx,68.9315
rdb450.mtx,32.2091
inlet_E.mtx,108.631
ch7-6-b3.mtx,61.5473
freeFlyingRobot_6.mtx,104.854
oscil_dcop_20.mtx,31.0549
Si5H12.mtx,326.984
lowThrust_12.mtx,122.44
dano3mip.mtx,149.797
lp_ken_13.mtx,177.075
TSOPF_FS_b9_c6_b.mtx,46.884
Reuters911_Day_06.mtx,99.6154
nemeth18.mtx,307.442
lp_scagr7.mtx,35.1891
mk10-b3.mtx,46.7632
n3c5-b6.mtx,30.3954
delf_A_23.mtx,52.684
lp_osa_60.mtx,21639.4
oscil_dcop_45.mtx,36.1109
Reuters911_Day_65.mtx,57.698
oscil_dcop_18.mtx,41.6239
TF15.mtx,113.503
optdigits_10NN.mtx,74.5425
IG5-13.mtx,139.486
heart1.mtx,1310.02
oscil_dcop_12.mtx,36.3942
large_A_13.mtx,66.5439
nsir.mtx,328.411
fd12.mtx,46.8381
mhd3200a.mtx,89.4391
cis-n4c6-b4.mtx,102.504
lhr14c.mtx,370.114
nemeth10.mtx,226.682
nemeth22.mtx,591.862
hydr1c_A_59.mtx,58.0516
case9_b1_05.mtx,49.0382
benzene.mtx,131.211
scagr7-2b_A_2.mtx,38.0163
cell2.mtx,69.5741
oscil_dcop_34.mtx,37.1485
large_A_21.mtx,67.008
hydr1c_A_30.mtx,61.9354
lpi_pilot4i.mtx,43.2449
hydr1c_A_61.mtx,59.9953
hydr1c_A_45.mtx,58.9429
large_A_02.mtx,66.3584
t2d_q4_A_37.mtx,150.472
nemeth03.mtx,219.926
route.mtx,534.372
oscil_dcop_22.mtx,32.8774
chipcool1.mtx,278.2
large_A_29.mtx,60.4362
lpi_mondou2.mtx,35.7688
case9_b2_01.mtx,43.3813
rosen7.mtx,90.3444
t2d_q4_A_23.mtx,91.9782
nemeth06.mtx,225.014
tub100.mtx,36.1007
impcol_d.mtx,35.9073
lp_qap12.mtx,52.021
c-50.mtx,298.162
powersim.mtx,179.921
rajat11.mtx,47.967
bips98_606.mtx,62.5171
lp_pilot4.mtx,42.6212
af23560.mtx,479.497
cavity21.mtx,178.66
t2d_q9_A_07.mtx,91.3741
g7jac020sc.mtx,120.19
lhr07c.mtx,190.931
jan99jac040.mtx,251.71
gams10a.mtx,35.7805
case9_b.mtx,43.2138
c-32.mtx,45.7207
lowThrust_7.mtx,111.297
pltexpa_A_3.mtx,54.7931
t2d_q9_A_11.mtx,94.8946
gams30am.mtx,42.3985
delf_A_26.mtx,57.0027
lp_scsd8.mtx,37.0071
Na5.mtx,187.079
TSOPF_RS_b300_c1_b.mtx,40.3819
t2d_q9_A_37.mtx,88.0043
ww_vref_6405.mtx,74.2814
lp_grow22.mtx,35.4581
Franz8.mtx,94.3696
cis-n4c6-b13.mtx,83.0009
hydr1c_A_15.mtx,55.4328
hydr1c_A_35.mtx,56.2935
nd3k.mtx,1368.4
lpi_cplex2.mtx,46.3841
ex35.mtx,228.979
scrs8-2r_A_07.mtx,40.2811
sctap1-2r_A_09.mtx,90.9794
n3c5-b5.mtx,37.3132
dtoc.mtx,64.9291
Reuters911_Day_20.mtx,61.0248
s3rmt3m1.mtx,125.197
mk10-b2.mtx,34.8821
oscil_dcop_10.mtx,34.1664
Reuters911_Day_30.mtx,61.7612
ge.mtx,75.9776
bcsstk17.mtx,201.14
Dubcova1.mtx,124.835
thermal.mtx,66.1266
ts-palko.mtx,5845.4
t2d_q9_A_20.mtx,94.2533
c-22.mtx,65.4292
c-51.mtx,300.978
scsd8-2r_A_08.mtx,47.9706
oscil_dcop_33.mtx,33.2356
hydr1c_A_33.mtx,60.5212
oscil_dcop_49.mtx,47.5371
t2d_q9_A_29.mtx,98.9689
west0156.mtx,41.7864
celegans_metabolic.mtx,40.5366
large_A_10.mtx,61.8027
viscoplastic1_C_7.mtx,61.5153
garon2.mtx,345.284
t2d_q4_A_03.mtx,94.3261
G61.mtx,56.314
west0132.mtx,34.627
kineticBatchReactor_9.mtx,192.172
hydr1c_A_01.mtx,62.6277
hangGlider_3.mtx,505.453
ex2.mtx,51.1813
t2dah_e.mtx,110.907
Reuters911_Day_22.mtx,65.8922
Reuters911_Day_01.mtx,107.072
n4c6-b4.mtx,103.642
t3dl_e.mtx,54.4592
lp_standmps.mtx,110.777
bcsstm37.mtx,59.8752
shar_te2-b1.mtx,52.3549
nemsemm2.mtx,664.993
soc-sign-bitcoin-otc.mtx,201.516
saylr4.mtx,43.0785
bayer04.mtx,556.417
s2rmq4m1.mtx,188.238
hydr1.mtx,74.3404
jan99jac020.mtx,140.822
hor_131.mtx,44.894
G65.mtx,41.9628
delf_A_12.mtx,53.8415
TSC_OPF_300.mtx,371.315
t2d_q4_A_02.mtx,92.666
sx-mathoverflow_A2Q.mtx,490.824
large_A_09.mtx,64.2483
hydr1c_A_71.mtx,53.924
relat7.mtx,80.376
n2c6-b6.mtx,57.9926
t3dl.mtx,201.177
nos1.mtx,29.7215
Zd_Jac3.mtx,1992.05
aug2dc.mtx,71.7663
nsct_A_2.mtx,867.111
n3c6-b7.mtx,55.9355
oscil_dcop_15.mtx,33.637
lhr10.mtx,272.07
oscil_dcop_56.mtx,33.0889
oscil_dcop_21.mtx,31.7068
large_A_36.mtx,59.8075
lp_beaconfd.mtx,46.0674
hydr1c_A_39.mtx,54.8457
ex15.mtx,66.2635
hydr1c_A_70.mtx,54.2221
s1rmq4m1.mtx,180.425
wm1.mtx,41.0438
crystm01.mtx,65.5883
oscil_dcop_35.mtx,32.7148
Olivetti_norm_10NN.mtx,59.1389
bcsstk07.mtx,43.1448
robot24c1_mat5_J.mtx,55.3959
OPF_6000.mtx,235.837
iris_dataset_30NN.mtx,36.0276
bcsstk35.mtx,574.836
TF16.mtx,236.36
Reuters911_Day_07.mtx,74.9331
Fashion_MNIST_norm_10NN.mtx,150.056
Pd.mtx,42.5728
t2d_q4_A_32.mtx,94.8967
case9_A_09.mtx,81.2361
t2d_q9_A_23.mtx,98.1727
l9.mtx,40.2224
circuit_2.mtx,174.374
bcsstk24.mtx,99.3896
c-39.mtx,179.466
sctap1-2b_A_1.mtx,42.9039
lp_scfxm1.mtx,41.2225
lp_wood1p.mtx,335.391
mesh2e1.mtx,32.7635
sx-mathoverflow_C2Q.mtx,569.25
mbeacxc.mtx,100.648
gemat12.mtx,76.8389
lp_dfl001.mtx,114.029
TSOPF_FS_b162_c1.mtx,286.779
ch6-6-b3.mtx,43.4274
LF10000_M.mtx,79.5543
bcsstm38.mtx,42.747
Franz7.mtx,59.3741
coupled.mtx,979.911
lpl2.mtx,71.1297
t2d_q9_A_28.mtx,90.9616
eurqsa.mtx,46.37
lpi_refinery.mtx,33.1769
indianpines_10NN.mtx,90.3287
psmigr_3.mtx,995.472
TSOPF_FS_b300_c1.mtx,1742.83
lpi_qual.mtx,43.3303
crystk03.mtx,695.643
pltexpa.mtx,173.416
ch.mtx,58.0428
s3rmt3m3.mtx,122.366
std1_Jac3_db.mtx,562.278
CurlCurl_0.mtx,96.1601
oscil_dcop_11.mtx,40.7299
t2d_q9.mtx,98.3636
lp_cre_b.mtx,354.221
rdist2.mtx,96.9986
lpi_ceria3d.mtx,87.8185
nemeth17.mtx,287.255
t2d_q4_A_38.mtx,96.8542
case9_A_08.mtx,90.562
lp_tuff.mtx,51.5668
deter5.mtx,82.1508
rdb450l.mtx,38.4036
t2d_q9_A_36.mtx,95.5654
raefsky5.mtx,180.572
zeros_nopss_13k.mtx,82.2407
t3dl_a.mtx,209.065
t2d_q9_A_14.mtx,98.844
bcsstk38.mtx,250.406
t3dl_B.mtx,44.4731
rbsa480.mtx,45.1317
hydr1c_A_37.mtx,64.3271
delf_A_28.mtx,63.114
epb2.mtx,166.763
ch7-6-b2.mtx,43.3434
Reuters911_Day_02.mtx,131.453
TSOPF_FS_b39_c7_b.mtx,61.4391
scsd8-2r_A_04.mtx,40.7218
t2d_q9_A_40.mtx,92.6571
hydr1c_A_57.mtx,66.9193
t2d_q9_A_18.mtx,94.1536
oscil_dcop_03.mtx,40.3704
lhr04.mtx,125.519
nl.mtx,75.8136
t2d_q4_A_35.mtx,95.2392
bcsstk18.mtx,130.575
sherman3.mtx,49.8619
Reuters911_Day_62.mtx,55.1357
hydr1c_A_29.mtx,65.1754
ted_B.mtx,108.41
USAir97.mtx,42.8159
TSOPF_RS_b162_c4.mtx,677.679
c-33.mtx,61.4183
rlfddd.mtx,302.584
Reuters911_Day_26.mtx,69.8089
ex12.mtx,81.0425
Ill_Stokes.mtx,194.442
Reuters911_Day_33.mtx,70.0285
c-47.mtx,190.164
scfxm1-2b_A_1.mtx,43.1711
mhd4800b.mtx,46.2695
lowThrust_9.mtx,117.186
crystk01.mtx,171.712
case9_b1_09.mtx,60.3939
c-25.mtx,111.016
n3c6-b5.mtx,50.6123
large_A_24.mtx,64.3434
Reuters911_Day_15.mtx,88.9148
cavity17.mtx,180.848
scrs8-2r_A_05.mtx,36.0861
lp_nug06.mtx,35.6915
lp_stair.mtx,39.4867
freeFlyingRobot_7.mtx,121.465
oscil_dcop_32.mtx,37.0276
lpi_reactor.mtx,41.6935
nemswrld.mtx,347.902
scrs8-2r_A_09.mtx,68.5945
case9_A_06.mtx,82.3955
stat96v4.mtx,5487.11
lowThrust_8.mtx,116.048
hydr1c_A_68.mtx,61.1732
Franz6.mtx,63.8724
t2dal_a.mtx,52.4419
mnist_test_norm_10NN.mtx,110.157
circuit_3.mtx,300.903
dbir1.mtx,2141.99
viscoplastic1.mtx,67.2662
t2d_q4_A_14.mtx,95.7766
t2dal_B.mtx,35.2145
n4c5-b7.mtx,53.1755
bips07_3078.mtx,116.015
scrs8-2r_A_03.mtx,36.0164
windtunnel_evap2d.mtx,304.506
beacxc.mtx,103.221
oscil_dcop_19.mtx,32.798
bfwb398.mtx,35.7852
xingo3012_C.mtx,30.9532
bratu3d.mtx,104.307
oscil_dcop_16.mtx,33.0105
t2d_q4_A_33.mtx,91.8553
Reuters911_Day_14.mtx,60.0792
TSOPF_FS_b9_c6.mtx,77.9638
soc-sign-bitcoin-otc_Time.mtx,210.586
Franz2.mtx,54.0895
TSOPF_RS_b9_c6_b.mtx,36.5984
cage10.mtx,124.702
kineticBatchReactor_2.mtx,128.258
smt.mtx,1536.79
bips98_1142.mtx,76.6086
hydr1c_A_76.mtx,55.601
ch7-6-b5.mtx,48.0543
large_A_14.mtx,67.3778
rail_5177_B.mtx,32.0541
hydr1c_A_17.mtx,61.8357
case9_b1_02.mtx,44.8902
D_11.mtx,37.9791
G62.mtx,40.1861
plskz362.mtx,35.4021
c8_mat11_I.mtx,2506.01
large_A_25.mtx,61.7573
mark3jac060sc.mtx,720.206
west0479.mtx,37.1135
cavity18.mtx,171.346
Reuters911_Day_27.mtx,70.1669
rdb3200l.mtx,41.4128
co5.mtx,131.99
chipcool1_B.mtx,40.9538
SiNa.mtx,131.823
fv2.mtx,61.0383
p0201.mtx,41.3276
TSOPF_RS_b162_c3_b.mtx,44.1236
viscoplastic1_C_3.mtx,65.8133
bcsstk37.mtx,463.794
tumorAntiAngiogenesis_5.mtx,59.8449
case9_b1_08.mtx,45.0774
hydr1c_A_10.mtx,62.2868
case9_b2_10.mtx,47.2776
gre_343.mtx,35.9722
mk12-b5.mtx,79.4893
Trec11.mtx,79.4194
west0167.mtx,32.2586
tube2.mtx,349.419
dw4096.mtx,56.2111
CAG_mat364.mtx,44.9484
lp_e226.mtx,47.3524
lp_scorpion.mtx,37.2951
mhd4800a.mtx,128.524
lowThrust_5.mtx,101.458
pde225.mtx,33.7771
Reuters911_Day_29.mtx,58.0113
lpi_vol1.mtx,31.2582
t2d_q9_A_21.mtx,87.5487
scsd8-2r_A_03.mtx,35.8684
lp_nug05.mtx,31.8925
fs_183_6.mtx,49.7876
c-21.mtx,70.3994
large_A_37.mtx,62.4691
494_bus.mtx,38.0787
case9_A_07.mtx,79.76
tumorAntiAngiogenesis_4.mtx,56.5308
brainpc2.mtx,93.224
t2d_q4_A_06.mtx,86.8812
oscil_dcop_57.mtx,32.1536
garon1.mtx,95.1111
GL7d12.mtx,62.823
gemat1.mtx,1013.83
oscil_dcop_48.mtx,31.1742
nopss_11k.mtx,68.0983
hydr1c_A_53.mtx,55.9795
aft01.mtx,79.4809
sherman5.mtx,58.134
nmos3.mtx,562.918
case9_b1_01.mtx,41.1756
cond-mat.mtx,103.317
bcsstm35.mtx,64.554
ABACUS_shell_md_E.mtx,92.243
TSOPF_RS_b678_c1_b.mtx,42.2012
mk11-b3.mtx,75.414
Reuters911_Day_11.mtx,74.0024
deter2.mtx,82.037
qpband.mtx,48.315
TF11.mtx,41.1503
Reuters911_Day_60.mtx,65.6818
Reuters911.mtx,676.036
cbuckle.mtx,356.88
Reuters911_Day_35.mtx,71.5617
rail_5177_E.mtx,43.602
delf_A_15.mtx,57.8403
oscil_dcop_44.mtx,32.9413
deter6.mtx,69.9975
scsd8-2r.mtx,166.42
nemeth09.mtx,218.967
Reuters911_Day_10.mtx,74.0975
fv3.mtx,58.8803
t2d_q9_A_10.mtx,100.028
inlet_C.mtx,39.1018
ch7-6-b4.mtx,90.8901
case9_A_10.mtx,76.4281
rel7.mtx,65.6571
Reuters911_Day_04.mtx,85.3806
mk11-b2.mtx,43.2413
t2d_q4_A_11.mtx,96.3181
bcsstk25.mtx,156.138
large_A_11.mtx,76.7071
ABACUS_shell_hd_K.mtx,190.736
c-48.mtx,218.633
bcsstm24.mtx,32.6679
t2d_q4_A_13.mtx,99.0357
M80PI_n.mtx,39.0517
lpi_bgdbg1.mtx,71.2181
descriptor_xingo6u.mtx,112.538
rbsb480.mtx,47.6756
nemeth05.mtx,215.848
bodyy4.mtx,79.539
c-37.mtx,120.715
ncvxqp9.mtx,54.3168
ted_A.mtx,426.276
hydr1c_A_34.mtx,55.6283
oscil_dcop_50.mtx,31.6957
lnsp3937.mtx,52.4225
Zd_Jac6.mtx,1812.87
hydr1c_A_07.mtx,57.7049
flowmeter0.mtx,51.4855
nemeth24.mtx,638.523
t2d_q9_A_25.mtx,93.5629
t2d_q4_A_18.mtx,88.0287
TSC_OPF_1047.mtx,953.93
meg4.mtx,278.326
gams10am.mtx,37.2695
astro-ph.mtx,227.009
oscil_dcop_37.mtx,37.6914
scrs8-2r_A_06.mtx,43.9968
lowThrust_13.mtx,114.601
GD01_a.mtx,36.2063
delf_A_36.mtx,54.4762
n4c6-b3.mtx,44.2098
freeFlyingRobot_15.mtx,168.295
oscil_dcop_14.mtx,40.4715
TSOPF_FS_b162_c1_b.mtx,42.5884
pcb3000.mtx,693.24
p010.mtx,227.584
hangGlider_1.mtx,51.037
freeFlyingRobot_14.mtx,166.919
cis-n4c6-b3.mtx,48.1313
fs_183_1.mtx,58.707
lp_sc205.mtx,34.4707
e40r0100.mtx,528.422
vibrobox.mtx,281.44
str_600.mtx,34.7263
Zd_Jac6_db.mtx,644.719
bcsstk22.mtx,29.8817
nopoly.mtx,62.5219
Ecoli_10NN.mtx,32.9502
t2d_q4_A_42.mtx,88.5974
nemeth04.mtx,230.982
t2d_q9_A_42.mtx,92.9335
gre_185.mtx,32.7431
n3c6-b8.mtx,60.7254
big.mtx,106.571
crystm02.mtx,135.314
hep-th.mtx,61.9331
TSOPF_RS_b300_c2.mtx,2394.88
scsd8-2b.mtx,115.797
G67.mtx,43.9955
bcsstk05.mtx,38.1924
delf_A_33.mtx,49.8874
lhr14.mtx,336.174
p0548.mtx,51.6844
foldoc.mtx,158.022
lp_standata.mtx,106.596
hydr1c_A_73.mtx,57.2159
t2d_q9_A_27.mtx,96.4746
pltexpa_A_4.mtx,167.953
delf_A_34.mtx,51.3287
Reuters911_Day_17.mtx,71.4355
t2d_q4_A_45.mtx,88.3689
hydr1c_A_56.mtx,54.9095
beaflw.mtx,99.3082
hangGlider_4.mtx,798.578
dynamicSoaringProblem_5.mtx,43.1731
t2d_q9_A_06.mtx,91.7269
t2d_q9_A_35.mtx,92.2436
fxm2-16.mtx,96.4149
delf_A_03.mtx,57.2204
EternityII_Etilde.mtx,1203.13
Reuters911_Day_21.mtx,66.6149
spmsrtls.mtx,112.38
lund_b.mtx,32.7502
lp_vtp_base.mtx,42.8764
ABACUS_shell_ud_M.mtx,181.47
nemeth11.mtx,241.774
rw5151.mtx,41.2433
rat_A_2.mtx,140.722
scfxm1-2b_A_2.mtx,50.9518
ch6-6-b4.mtx,48.07
TSOPF_RS_b162_c4_b.mtx,44.2942
lund_a.mtx,31.59
oscil_dcop_01.mtx,32.2173
cz148.mtx,34.6692
swang1.mtx,50.2393
bips98_606_C.mtx,32.7394
std1_Jac3.mtx,1639.81
lhr17.mtx,408.427
bips07_1693_C.mtx,29.654
pltexpa_A_5.mtx,159.73
TSOPF_RS_b9_c6.mtx,60.4944
hydr1c_A_69.mtx,59.9267
Chebyshev1.mtx,56.1494
t2d_q9_A_02.mtx,88.1507
Reuters911_Day_42.mtx,54.6044
oscil_dcop_02.mtx,31.7278
delf_A_10.mtx,51.2729
cz10228.mtx,118.466
oscil_dcop_55.mtx,31.7378
freeFlyingRobot_12.mtx,152.295
Pres_Poisson.mtx,318.453
inlet.mtx,294.16
hydr1c_A_42.mtx,63.6719
rail_5177.mtx,45.6694
nemeth08.mtx,214.009
lp_scsd6.mtx,35.1117
sctap1-2c_A_2.mtx,37.4469
psmigr_2.mtx,988.231
ABACUS_shell_ud_K.mtx,186.345
case9_A_12.mtx,74.0841
lp_grow15.mtx,37.5936
bloweybq.mtx,64.5962
mbeause.mtx,96.1371
cavity25.mtx,178.644
ch5-5-b4.mtx,29.8018
Alemdar.mtx,49.8927
football.mtx,31.8001
Trefethen_200b.mtx,31.8955
t2d_q4_A_28.mtx,93.5469
n4c5-b6.mtx,48.1155
Reuters911_Day_36.mtx,68.9449
hydr1c_A_40.mtx,56.9747
beause.mtx,96.4008
t2d_q9_A_08.mtx,88.1699
lp_sc105.mtx,32.9803
sctap1-2r_A_06.mtx,48.5218
raefsky4.mtx,531.233
hydr1c_A_18.mtx,55.7786
model10.mtx,219.387
case9_b1_11.mtx,48.4966
poli_large.mtx,159.069
large_A_32.mtx,60.6327
str_400.mtx,35.0017
hi2010.mtx,133.137
oscil_trans_01.mtx,36.3225
lowThrust_11.mtx,113.894
bloweya.mtx,1185.37
hydr1c_A_27.mtx,57.8937
mark3jac060.mtx,719.203
Reuters911_Day_23.mtx,64.5323
nd6k.mtx,2766.96
t2d_q9_A_38.mtx,89.3578
bayer02.mtx,125.681
nemeth14.mtx,235.303
jan99jac020sc.mtx,134.288
raefsky2.mtx,267.111
hydr1c_A_67.mtx,54.8982
t2dah.mtx,110.806
bcsstk06.mtx,34.9449
pltexpa_A_1.mtx,33.775
hydr1c_A_54.mtx,55.5084
viscoplastic1_C_6.mtx,60.2342
dynamicSoaringProblem_8.mtx,43.8475
hydr1c_A_12.mtx,53.9467
str_0.mtx,42.5588
Si10H16.mtx,485.896
PGPgiantcompo.mtx,89.9499
impcol_a.mtx,31.9386
n4c5-b10.mtx,32.2991
Reuters911_Day_47.mtx,59.7508
sctap1-2c_A_1.mtx,35.9488
TSOPF_FS_b39_c7.mtx,309.561
hydr1c_A_52.mtx,55.105
t2d_q9_A_13.mtx,90.0901
Reuters911_Day_12.mtx,59.0872
delf_A_29.mtx,58.9899
sinc18.mtx,741.552
LFAT5000_M.mtx,65.3378
mcca.mtx,36.0738
graphics.mtx,114.091
mult_dcop_01.mtx,2734.86
pesa.mtx,85.6376
sts4098.mtx,77.6119
impcol_e.mtx,33.7543
inlet_B.mtx,37.6738
tuma2.mtx,66.1094
Zd_Jac2_db.mtx,674.78
G59.mtx,54.1265
t2dal_bci_Aside.mtx,31.6114
appu.mtx,1899.88
tumorAntiAngiogenesis_6.mtx,60.64
west0381.mtx,34.1625
large_A_22.mtx,59.9659
Reuters911_Day_55.mtx,57.821
case9_b1_12.mtx,41.2296
Reuters911_Day_53.mtx,59.4287
chipcool0.mtx,265.482
hydr1c_A_22.mtx,55.356
c-27.mtx,78.3783
Reuters911_Day_54.mtx,63.8893
t2d_q4_A_15.mtx,91.7087
ex18.mtx,85.0812
seymourl.mtx,62.843
delf_A_11.mtx,56.3056
Reuters911_Day_16.mtx,77.2132
saylr1.mtx,38.6582
sctap1-2r_A_05.mtx,45.5095
tumorAntiAngiogenesis_7.mtx,58.6999
bcsstm25.mtx,49.7479
lhr10c.mtx,276.776
case9_b2_07.mtx,43.6774
lp_osa_30.mtx,9116.83
lowThrust_6.mtx,107.448
EAT_RS.mtx,1071.17
gemat11.mtx,72.5393
t520.mtx,141.649
airfoil_2d.mtx,227.055
EAT_SR.mtx,465.749
utm300.mtx,35.2333
oscil_dcop_25.mtx,31.9722
sts4098_b.mtx,32.1144
rdb200.mtx,31.8551
large_A_18.mtx,60.7201
G66.mtx,47.5722
utm5940.mtx,96.4282
rim.mtx,1067.2
cvxqp3.mtx,92.4034
t2d_q4_A_41.mtx,90.5468
bcsstk03.mtx,31.4089
scrs8-2r_A_08.mtx,47.7732
bcsstk21.mtx,40.0748
scsd8-2r_A_02.mtx,41.9245
rdist1.mtx,152.486
mhd3200b.mtx,38.1351
dermatology_5NN.mtx,38.8542
aircraft.mtx,50.0961
oscil_dcop_39.mtx,33.6595
raefsky1.mtx,272.704
Reuters911_Day_43.mtx,55.3887
rail_20209_B.mtx,43.6368
co9.mtx,198.33
swang2.mtx,42.9534
N_pid.mtx,65.908
case9_A_04.mtx,84.4758
c-49.mtx,275.385
Trefethen_20000.mtx,197.746
robot.mtx,33.5058
c-45.mtx,96.7005
cz20468.mtx,198.833
Trefethen_300.mtx,33.1171
lp_brandy.mtx,43.1151
scrs8-2r_A_10.mtx,99.8426
rajat14.mtx,53.1881
lp_etamacro.mtx,35.427
M80PI_n_E.mtx,36.1335
flowmeter5_B.mtx,39.9151
large_A_03.mtx,57.8351
gre_216b.mtx,32.2374
nsct_A_1.mtx,866.456
c-24.mtx,64.231
stormg2-27.mtx,134.513
cq9.mtx,183.508
S80PI_n1.mtx,36.5479
nemeth21.mtx,505.011
g7jac060.mtx,476.026
hydr1c_A_62.mtx,55.4196
N_reactome.mtx,181.493
gas11.mtx,32.7318
lp_qap15.mtx,100.461
poisson2D.mtx,36.2318
lhr11.mtx,258.343
large_A_33.mtx,59.2205
hydr1c_A_31.mtx,54.9211
ex11.mtx,872.139
TSOPF_RS_b678_c1.mtx,3718.95
msc23052.mtx,515.448
cage7.mtx,34.3802
c-35.mtx,147.615
hydr1c_A_28.mtx,55.0064
c-38.mtx,146.182
case9_A_02.mtx,78.0332
rajat03.mtx,49.6795
rw496.mtx,33.9147
nemeth19.mtx,368.508
lpi_ex72a.mtx,30.2393
3D_28984_Tetra.mtx,4197.99
Trefethen_500.mtx,31.5608
Reuters911_Day_50.mtx,58.1284
fd15.mtx,51.7606
windscreen_M.mtx,575.93
ted_B_unscaled.mtx,99.2302
kmnist_norm_10NN.mtx,122.868
nnc261.mtx,34.8529
ck400.mtx,32.3052
lpi_gosh.mtx,152.043
t2d_q4_A_19.mtx,87.9973
bips07_3078_C.mtx,31.6102
hydr1c_A_74.mtx,53.8483
case9_b2_09.mtx,40.9504
lp_nug15.mtx,100.584
psse0.mtx,100.479
t2dal_bci_Atop.mtx,39.6708
t2d_q4_A_08.mtx,87.098
cavity20.mtx,169.232
shermanACa.mtx,313.798
oscil_dcop_31.mtx,31.0601
hydr1c_A_58.mtx,54.6786
large_A_28.mtx,60.5528
dynamicSoaringProblem_7.mtx,42.4988
c-36.mtx,62.3539
nasa4704.mtx,77.8599
oscil_dcop_29.mtx,31.6052
relat7b.mtx,86.1715
rail_5177_C.mtx,30.2161
ulevimin.mtx,3025.81
stokes64.mtx,81.6507
bcsstm36.mtx,217.861
bips07_2476_C.mtx,29.086
nsic_A_1.mtx,43.5097
t2d_q4_A_36.mtx,88.1836
large_A_08.mtx,59.0083
hydr1c_A_25.mtx,58.1163
YaleA_10NN.mtx,39.253
coater2.mtx,232.712
delf_A_08.mtx,51.7956
olafu.mtx,417.595
hydr1c_A_03.mtx,54.8973
shyy41.mtx,38.8863
bips98_1142_C.mtx,29.4773
cavity04.mtx,56.2956
mk11-b4b.mtx,54.4346
large_A_35.mtx,60.2875
sinc12.mtx,228.38
scsd8-2c_A_3.mtx,114.455
Reuters911_Day_05.mtx,99.1882
TSOPF_RS_b2052_c1.mtx,5878.46
gyro_m.mtx,163.551
hydr1c_A_64.mtx,55.7539
n2c6-b7.mtx,51.8096
case9_A_03.mtx,74.2452
scrs8-2r_A_02.mtx,39.1176
lp_pds_10.mtx,168.685
t2d_q4_A_17.mtx,86.3899
oscil_dcop_09.mtx,31.5172
nemeth20.mtx,413.229
ch7-9-b2.mtx,60.2422
ABACUS_shell_md_K.mtx,186.419
lp_nug20.mtx,238.555
case9_b2_08.mtx,41.2224
bundle1.mtx,352.806
cz308.mtx,33.7766
lp_stocfor3.mtx,300.53
shermanACb.mtx,1314.49
cavity26.mtx,167.062
t2d_q4_A_01.mtx,89.513
Reuters911_Day_40.mtx,62.3637
large_A_06.mtx,59.1798
c-34.mtx,142.368
hydr1c_A_05.mtx,55.1446
sctap1-2c.mtx,61.6804
car4.mtx,94.6296
lp_capri.mtx,46.6442
jan99jac060.mtx,373.78
bcsstm21.mtx,39.2875
p0291.mtx,43.5767
oscil_dcop_36.mtx,39.2557
pltexpa_A_2.mtx,47.8776
t2d_q9_A_05.mtx,88.9275
c-23.mtx,81.5728
viscoplastic1_C_5.mtx,70.2529
delf_A_19.mtx,55.9656
std1_Jac2.mtx,1420.88
lp_degen2.mtx,38.8839
gyro.mtx,435.961
delf_A_05.mtx,57.0458
bayer09.mtx,95.0993
cdde6.mtx,18.3493
f855_mat9.mtx,167.343
n2c6-b8.mtx,22.8601
adder_dcop_25.mtx,166.811
lp_fit2p.mtx,45.0953
filter2D_E.mtx,16.8507
extr1b.mtx,36.3779
spaceShuttleEntry_3.mtx,121.836
west1505.mtx,22.8359
adder_dcop_27.mtx,167.077
utm1700b.mtx,47.7692
dw2048.mtx,46.7212
cdde5.mtx,34.4561
N_biocarta.mtx,49.6006
saylr3.mtx,40.9415
adder_dcop_10.mtx,181.078
bcsstm13.mtx,54.9233
small.mtx,54.7048
n4c5-b3.mtx,41.3508
Goodwin_013.mtx,75.5646
extr1b_A_30.mtx,42.92
deter0.mtx,48.4534
TS.mtx,50.7153
bcsstm12.mtx,26.6407
extr1b_A_10.mtx,34.4996
lp_cycle.mtx,46.5461
c-19.mtx,60.866
Binaryalphadigs_10NN.mtx,25.58
lhr02.mtx,59.7898
adder_dcop_47.mtx,159.576
spaceShuttleEntry_4.mtx,167.284
S40PI_n1_E.mtx,38.5952
ex4.mtx,52.1765
sherman1.mtx,38.6664
GL7d25.mtx,134.611
QRpivot_b.mtx,32.211
G28.mtx,53.9556
Maragal_4.mtx,126.149
bcsstk11.mtx,50.4051
extr1b_A_12.mtx,54.9512
dataset18mfeatmorphological_10NN.mtx,51.2019
adder_dcop_57.mtx,203.608
mk10-b4.mtx,45.6266
scagr7-2c_A_3.mtx,45.5697
orani678.mtx,446.185
ex6.mtx,115.974
fs_541_4.mtx,47.4992
rel6.mtx,47.226
ex10.mtx,56.9452
model9.mtx,121.215
b_dyn.mtx,49.396
scrs8-2b_A_1.mtx,36.4045
ex7.mtx,146.492
lpi_bgindy.mtx,184.761
pcb1000.mtx,195.896
fs_541_3.mtx,38.2862
g7jac010sc.mtx,72.3514
adder_dcop_33.mtx,183.258
dynamicSoaringProblem_2.mtx,42.4511
fs_541_1.mtx,48.5124
small_A_01.mtx,39.5773
hangGlider_2.mtx,113.28
n3c6-b3.mtx,35.0573
extr1b_A_04.mtx,52.9617
piston_E.mtx,137.149
utm3060.mtx,75.4178
laser.mtx,46.6852
adder_dcop_12.mtx,181.808
cis-n4c6-b2.mtx,32.4993
G34.mtx,34.4672
scrs8-2b_A_3.mtx,39.2881
illc1033.mtx,34.3262
rail_1357.mtx,35.7975
extr1b_A_24.mtx,47.9252
lowThrust_2.mtx,39.9142
freeFlyingRobot_5.mtx,96.2584
model8.mtx,73.2577
lnsp_511.mtx,35.5337
lp_modszk1.mtx,40.833
adder_dcop_11.mtx,176.745
adder_dcop_55.mtx,181.168
CAG_mat1916.mtx,251.782
adder_dcop_09.mtx,186.958
lp_greenbea.mtx,112.568
extr1b_A_15.mtx,54.744
small_A_15.mtx,77.6909
init_adder1.mtx,183.757
b2_ss.mtx,43.9186
adder_dcop_16.mtx,182.475
G12.mtx,34.3158
n4c5-b4.mtx,40.1555
relat6.mtx,38.8452
ex33.mtx,45.5058
Sieber.mtx,266.376
ex24.mtx,75.297
semeion_10NN.mtx,41.958
adder_dcop_21.mtx,180.688
lp22.mtx,88.4394
bayer08.mtx,94.281
scagr7-2c.mtx,45.5229
cep1.mtx,39.7006
adder_dcop_39.mtx,179.292
plddb_A_10.mtx,44.8582
LeGresley_2508.mtx,63.5173
nasa1824.mtx,54.9777
extr1b_A_16.mtx,49.8689
G31.mtx,47.1785
bp_1200.mtx,72.8177
extr1b_A_26.mtx,47.1689
extr1b_A_35.mtx,47.8012
adder_dcop_48.mtx,176.582
scrs8-2b_A_2.mtx,38.969
ch6-6-b2.mtx,38.7636
extr1b_A_01.mtx,51.4399
g7jac010.mtx,73.1929
lp_osa_14.mtx,4532.73
extr1b_A_29.mtx,56.7005
adder_dcop_14.mtx,182.284
plddb_A_12.mtx,46.454
dataset20mfeatpixel_10NN.mtx,58.6213
photogrammetry.mtx,43.5706
SciMet.mtx,58.0118
model3.mtx,71.3367
slptsk.mtx,94.6351
adder_dcop_42.mtx,184.102
ex28.mtx,80.6542
cavity14.mtx,130.917
cdde1.mtx,34.7672
extr1b_A_31.mtx,60.6839
fxm2-6.mtx,74.079
extr1b_A_27.mtx,49.7871
scrs8-2c_A_1.mtx,43.5537
adder_dcop_51.mtx,194.776
ex23.mtx,105.861
lutz30-23-b6.mtx,39.3567
small_A_04.mtx,40.4811
reorientation_4.mtx,207.013
bayer06.mtx,98.1459
adder_dcop_45.mtx,182.261
extr1b_A_32.mtx,46.238
plsk1919.mtx,37.2068
rail_1357_E.mtx,43.8044
adder_dcop_19.mtx,182.606
piston_M.mtx,37.446
dynamicSoaringProblem_3.mtx,44.4536
bp_0.mtx,63.5817
adder_trans_02.mtx,186.302
rail_1357_C.mtx,34.7382
M40PI_n1.mtx,67.3552
extr1b_A_08.mtx,49.7525
lp_degen3.mtx,65.8001
dataset16mfeatkarhunen_10NN.mtx,49.0881
dw256A.mtx,34.5729
gams60am.mtx,48.1091
bcsstm23.mtx,36.1931
adder_dcop_41.mtx,180.81
adder_dcop_28.mtx,181.075
spaceStation_11.mtx,59.8422
bcsstk14.mtx,60.4719
bp_800.mtx,71.8031
adder_dcop_50.mtx,183.45
model6.mtx,91.2223
extr1b_A_37.mtx,47.0673
bcsstk23.mtx,54.3536
rail2586.mtx,21949.7
G27.mtx,53.5165
G30.mtx,53.0972
small_A_05.mtx,40.3477
mk9-b3.mtx,36.6198
bcsstm26.mtx,38.2585
small_A_13.mtx,37.7112
small_A_16.mtx,42.356
extr1b_A_07.mtx,47.7583
G40.mtx,38.9809
adder_dcop_54.mtx,187.287
n3c6-b9.mtx,52.5329
adder_dcop_40.mtx,180.871
adder_dcop_46.mtx,182.517
adder_dcop_60.mtx,181.922
reorientation_3.mtx,193.999
piston.mtx,102.636
TS_b.mtx,33.8587
extr1b_A_17.mtx,54.1788
adder_dcop_56.mtx,179.318
adder_dcop_07.mtx,238.222
scagr7-2c_A_2.mtx,35.0869
cavity11.mtx,142.317
scrs8-2b.mtx,43.3921
c-18.mtx,56.525
wang2.mtx,46.7189
plantstexture_10NN.mtx,45.3304
reorientation_5.mtx,221.541
freeFlyingRobot_3.mtx,72.0336
extr1b_A_06.mtx,52.7254
extr1b_A_03.mtx,48.6518
lp_pilot.mtx,97.3792
well1850.mtx,43.1389
qh882.mtx,41.5584
M20PI_n_E.mtx,33.4002
dwb512.mtx,39.4646
adder_dcop_65.mtx,183.511
plddb_A_03.mtx,51.169
plddb_A_01.mtx,52.5543
adder_dcop_29.mtx,179.227
adder_dcop_43.mtx,181.95
plddb_A_06.mtx,51.3028
ex13.mtx,65.4344
bp_600.mtx,68.4213
S20PI_n1_E.mtx,44.4476
msc01440.mtx,66.387
extr1b_A_44.mtx,46.6986
adder_dcop_34.mtx,185.892
pde2961.mtx,43.9125
extr1b_A_42.mtx,46.85
l30.mtx,67.6224
kineticBatchReactor_1.mtx,78.0382
extr1b_A_34.mtx,47.0542
scrs8-2c_A_3.mtx,40.8191
primagaz.mtx,213.897
orsreg_1.mtx,38.2131
adder_dcop_05.mtx,183.743
adder_dcop_59.mtx,177.717
bcsstk02.mtx,47.0514
lp_agg2.mtx,43.3671
adder_dcop_02.mtx,181.248
ex10hs.mtx,59.5276
olm1000.mtx,36.2483
iprob.mtx,349.415
adder_dcop_24.mtx,193.577
west0655.mtx,37.5197
lp_scsd1.mtx,42.3175
lp_ken_07.mtx,47.9008
S20PI_n1.mtx,37.2437
cdde4.mtx,37.3806
n2c6-b3.mtx,35.3116
Maragal_3.mtx,96.9411
adder_dcop_44.mtx,181.93
adder_dcop_03.mtx,192.077
cz2548.mtx,59.2492
adder_dcop_69.mtx,176.302
Plants_10NN.mtx,47.4758
extr1b_A_02.mtx,46.4213
zenios.mtx,107.27
685_bus.mtx,37.558
662_bus.mtx,35.6955
filter2D_B.mtx,35.7277
extr1b_A_05.mtx,47.4274
gen4.mtx,480.133
Chebyshev2.mtx,254.927
bcsstk26.mtx,54.6669
cavity15.mtx,123.256
Trefethen_2000.mtx,44.7699
Franz1.mtx,42.0631
c-20.mtx,58.0288
lp_gfrd_pnc.mtx,35.9369
epb0.mtx,39.6915
bcsstm11.mtx,34.0876
scrs8-2c.mtx,46.5965
lpi_gran.mtx,55.9583
watt_1.mtx,40.6666
west0989.mtx,37.9441
wang1.mtx,45.7638
n4c5-b8.mtx,43.8449
S20PI_n_E.mtx,34.4999
adder_dcop_58.mtx,183.82
watt_2.mtx,54.5281
adder_dcop_17.mtx,181.281
qh1484.mtx,37.5027
stat96v5.mtx,255.84
west2021.mtx,41.9979
small_A_08.mtx,40.9864
ODLIS.mtx,60.27
S20PI_n.mtx,34.9138
plddb_A_02.mtx,48.1282
lpi_cplex1.mtx,115.373
pores_3.mtx,36.3491
M40PI_n.mtx,36.7293
S40PI_n1.mtx,36.5212
fs_680_3.mtx,37.8707
extr1b_A_22.mtx,46.846
plddb.mtx,49.6746
t2dal_E.mtx,43.743
qiulp.mtx,57.5535
MISKnowledgeMap.mtx,65.9662
adder_dcop_22.mtx,182.801
small_A_07.mtx,40.3203
extr1b_A_36.mtx,44.7483
ch8-8-b1.mtx,35.0554
ex36.mtx,86.0719
adder_dcop_64.mtx,184.903
dataset12mfeatfactors_10NN.mtx,50.2024
reorientation_2.mtx,131.684
plddb_A_08.mtx,57.3844
nnc1374.mtx,50.4977
lp_nug07.mtx,34.2558
small_A_03.mtx,40.1191
meg1.mtx,106.238
extr1b_A_28.mtx,47.1672
small_A_17.mtx,36.7981
small_A_14.mtx,37.3125
plat1919.mtx,42.4155
lp_stocfor2.mtx,47.7516
cryg2500.mtx,38.9548
G41.mtx,45.7043
adder_dcop_23.mtx,198.507
lp_agg3.mtx,49.5964
lp_maros_r7.mtx,146.231
cavity12.mtx,91.0947
IG5-12.mtx,87.1295
cavity10.mtx,93.4257
rosen10.mtx,465.064
mk9-b2.mtx,37.6157
bcsstk12.mtx,49.3771
scrs8-2c_A_4.mtx,39.5349
spaceStation_13.mtx,63.7723
ex8.mtx,258.748
well1033.mtx,36.1488
scrs8-2c_A_5.mtx,43.2002
lung1.mtx,39.9953
lp_pds_02.mtx,67.708
pde900.mtx,32.675
dw1024.mtx,39.1633
heart2.mtx,701.286
n2c6-b4.mtx,52.372
extr1b_A_25.mtx,60.5184
nemspmm2.mtx,150.012
adder_dcop_67.mtx,172.615
extr1b_A_39.mtx,43.3145
adder_dcop_32.mtx,174.107
dw256B.mtx,32.1092
small_A_12.mtx,36.6564
extr1b_A_09.mtx,43.3619
adder_dcop_18.mtx,172.592
mk12-b1.mtx,31.4188
scagr7-2c_A_1.mtx,34.7785
plddb_A_09.mtx,45.0851
rail_1357_B.mtx,31.109
Chem97ZtZ.mtx,43.7864
M20PI_n1.mtx,33.8221
ex29.mtx,45.1879
G39.mtx,39.4191
cdde2.mtx,33.7846
small_A_11.mtx,38.3956
rdist3a.mtx,88.4366
adder_dcop_35.mtx,171.698
lp_greenbeb.mtx,90.8759
adder_dcop_26.mtx,172.037
S40PI_n.mtx,33.9743
extr1b_A_13.mtx,41.7554
adder_dcop_15.mtx,171.94
model5.mtx,118.144
G33.mtx,40.4782
f855_mat9_I.mtx,198.787
small_A_02.mtx,35.4903
tols1090.mtx,41.1237
illc1850.mtx,39.8744
tols2000.mtx,40.7281
lpi_greenbea.mtx,92.4839
reorientation_7.mtx,214.296
CollegeMsg.mtx,90.4035
M40PI_n1_E.mtx,31.7732
lp_80bau3b.mtx,64.0572
p6000.mtx,614.42
plddb_A_11.mtx,46.8804
ch7-9-b1.mtx,31.2006
bp_200.mtx,61.2185
nasa2146.mtx,51.5817
rdb800l.mtx,32.5734
adder_dcop_30.mtx,177.267
cdde3.mtx,31.5061
QRpivot.mtx,35.1544
extr1b_A_20.mtx,41.4826
YaleB_10NN.mtx,50.9657
bwm2000.mtx,33.7415
M40PI_n_E.mtx,32.182
S40PI_n_E.mtx,29.8789
reorientation_6.mtx,216.769
nos7.mtx,31.6254
sherman4.mtx,35.7789
extr1b_A_19.mtx,42.32
extr1b_A_23.mtx,41.791
piston_B.mtx,30.0961
bcsstk13.mtx,63.3245
lp_d2q06c.mtx,73.8577
GL6_D_6.mtx,31.7628
ex20.mtx,157.008
plddb_A_07.mtx,42.4708
ex26.mtx,252.673
extr1b_A_41.mtx,41.4088
extr1b_A_18.mtx,47.6351
dataset22mfeatzernike_10NN.mtx,46.0054
adder_dcop_66.mtx,172.319
extr1b_A_21.mtx,50.654
adder_dcop_63.mtx,169.581
G11.mtx,30.6548
adder_dcop_36.mtx,169.713
lp_cre_c.mtx,70.2332
nemscem.mtx,44.364
nos6.mtx,30.009
extr1b_A_43.mtx,45.2203
adder_dcop_37.mtx,172.588
adder_dcop_68.mtx,170.86
circuit_1.mtx,301.898
small_A_10.mtx,35.051
lns_511.mtx,31.5812
fs_680_2.mtx,38.4498
TSOPF_FS_b9_c1_b.mtx,36.3543
progas.mtx,37.4478
adder_dcop_08.mtx,169.074
heart3.mtx,680.874
lp_sctap3.mtx,39.5481
adder_dcop_31.mtx,170.465
n4c6-b2.mtx,31.4918
adder_dcop_13.mtx,170.395
qh768.mtx,33.7123
dwa512.mtx,33.4765
reorientation_8.mtx,217.707
orani678_b.mtx,30.5184
lp_shell.mtx,58.4629
extr1b_A_14.mtx,44.472
jendrec1.mtx,91.9045
tub1000.mtx,34.5006
freeFlyingRobot_4.mtx,82.2166
adder_dcop_38.mtx,169.176
add20.mtx,116.586
plddb_A_04.mtx,43.5219
adder_trans_01.mtx,172.187
ch7-8-b1.mtx,32.1359
scrs8-2c_A_2.mtx,31.9307
ch5-5-b3.mtx,30.3038
fxm3_6.mtx,122.842
nos2.mtx,31.4438
adder_dcop_49.mtx,174.977
G42.mtx,35.888
spaceShuttleEntry_2.mtx,107.531
extr1b_A_40.mtx,53.1823
olm2000.mtx,33.6867
rdb2048.mtx,42.2266
M20PI_n1_E.mtx,30.4246
n3c6-b4.mtx,41.9698
adder_dcop_01.mtx,170.344
ck656.mtx,38.6136
spiral_E.mtx,1010.88
TSOPF_FS_b9_c1.mtx,35.7008
small_A_06.mtx,39.5508
lp_bnl2.mtx,62.3507
bp_400.mtx,63.797
G32.mtx,33.2692
comsol.mtx,120.214
nemspmm1.mtx,143.036
nnc666.mtx,36.8881
adder_dcop_61.mtx,171.255
adder_dcop_53.mtx,171.787
rajat12.mtx,164.493
ex3.mtx,57.4736
TF14.mtx,60.3792
extr1b_A_38.mtx,43.6158
rajat19.mtx,99.218
polblogs.mtx,88.947
filter2D.mtx,35.9134
young3c.mtx,34.4409
adder_dcop_04.mtx,175.732
adder_dcop_52.mtx,169.811
plddb_A_05.mtx,41.9315
rdb2048_noL.mtx,36.6798
adder_dcop_20.mtx,168.471
G29.mtx,47.8839
small_A_09.mtx,39.4352
nasa2910.mtx,125.104
bp_1400.mtx,65.2038
adder_dcop_06.mtx,172.154
lhr01.mtx,53.544
M20PI_n.mtx,33.0922
spaceStation_14.mtx,57.7348
plantsmargin_12NN.mtx,45.3695
ch6-6-b5.mtx,32.1924
lp_pilot87.mtx,136.46
cavity13.mtx,119.264
bp_1000.mtx,71.1989
spaceStation_12.mtx,52.2298
plddb_A_13.mtx,52.0332
yeast_30NN.mtx,53.9832
extr1.mtx,48.2719
G13.mtx,32.8693
1138_bus.mtx,33.6417
netscience.mtx,37.6532
Maragal_2.mtx,46.4406
extr1b_A_33.mtx,46.3729
spiral.mtx,38.4873
extr1b_A_11.mtx,42.6399
fs_541_2.mtx,33.3434
adder_dcop_62.mtx,173.185
