matrix,nnz,rows,cols,sym,type,range,empty-rows,avg-nz-row,min-nz-row,max-nz-row,ent-base-singles,ent-base-doubles,ent-base-prc,ent-singles,ent-doubles,ent-prc,row-singles,row-doubles,row-prc,fp64-rt,fp32(64)-rt,ent-base-rt,ent-split-rt,row-split-rt,row-comp-rt,row-dual-rt,fp32(64)-spup,ent-base-spup,ent-split-spup,row-split-spup,row-comp-spup,row-dual-spup,fp64-relerr,fp32(64)-relerr,ent-base-relerr,ent-split-relerr,row-split-relerr,row-comp-relerr,row-dual-relerr,fp32(32)-rt,fp32(32)-spup,fp32(32)-relerr,adaptive-rt
random_mtx_1,76819,500,500,0,r,1,0,153.638,119,185,76819,0,100,3903,72916,5.081,0,76819,0,21.672607,24.105921,29.070848,22.719296,22.056576,22.04784,22.136415,0.899057,0.74551,0.95393,0.982592,0.982981,0.979048,0,0.0000000523794,0.0000000523794,5.35178E-10,0,0,0,15.28848,1.417578,0.0000110071,430.425
random_mtx_10,61411,500,500,0,r,1,0,122.822,98,153,61411,0,100,3135,58276,5.105,0,61411,0,19.608831,24.314848,24.705473,21.062529,20.84416,19.696928,20.881216,0.806455,0.793704,0.930982,0.940735,0.995527,0.939066,0,0.0000000460951,0.0000000460951,5.04305E-10,0,0,0,13.513824,1.45102,0.000011266,329.723
random_mtx_100,60289,500,500,0,r,1,0,120.578,95,157,60289,0,100,3038,57251,5.039,0,60289,0,19.529921,24.075584,24.402752,20.870081,19.845345,20.647585,19.88464,0.811192,0.800316,0.935786,0.984106,0.945869,0.982161,0,0.0000000506421,0.0000000506421,5.33618E-10,0,0,0,13.278656,1.470775,0.0000103089,648.867
random_mtx_11,80933,500,500,0,r,1,0,161.866,130,192,80933,0,100,3994,76939,4.935,0,80933,0,21.768736,23.811169,29.999456,23.796255,22.293056,22.195871,22.231264,0.914224,0.725638,0.914797,0.976481,0.980756,0.979195,0,0.0000000496724,0.0000000496724,5.80987E-10,0,0,0,15.405856,1.413017,0.0000110836,742.744
random_mtx_12,48107,500,500,0,r,1,0,96.214,75,123,48107,0,100,2483,45624,5.161,0,48107,0,17.184832,19.520161,20.552576,18.222176,17.398048,17.148895,17.94768,0.880363,0.83614,0.943072,0.987745,1.002096,0.957496,0,0.0000000458018,0.0000000458018,5.45548E-10,0,0,0,11.196448,1.534847,0.0000106755,637.988
random_mtx_13,25095,500,500,0,r,1,0,50.19,30,67,25095,0,100,1282,23813,5.109,0,25095,0,14.30384,16.703903,17.046047,16.013952,14.327072,14.109888,14.438048,0.856317,0.839129,0.893211,0.998378,1.013746,0.990705,0,0.0000000440732,0.0000000440732,5.32737E-10,0,0,0,10.415168,1.373366,0.00000899812,349.455
random_mtx_14,47773,500,500,0,r,1,0,95.546,72,121,47773,0,100,2438,45335,5.103,0,47773,0,17.829504,19.194016,19.715809,18.050337,18.679745,17.175936,17.332289,0.92891,0.904325,0.987766,0.954483,1.038051,1.028687,0,0.0000000370785,0.0000000370785,4.22707E-10,0,0,0,11.145856,1.599653,0.0000105424,211.491
random_mtx_15,56859,500,500,0,r,1,0,113.718,89,150,56859,0,100,2787,54072,4.902,0,56859,0,20.488096,22.735329,24.296864,19.54528,19.764,19.570433,18.957216,0.901157,0.84324,1.048238,1.036637,1.04689,1.080754,0,0.0000000378148,0.0000000378148,4.4882E-10,0,0,0,12.610144,1.624731,0.0000108125,312.861
random_mtx_16,43955,500,500,0,r,1,0,87.91,65,119,43955,0,100,2242,41713,5.101,0,43955,0,16.685312,18.796385,19.117567,17.968191,16.934113,17.2568,16.960705,0.887687,0.872774,0.928603,0.985308,0.966883,0.983763,0,0.0000000447809,0.0000000447809,5.00312E-10,0,0,0,10.651552,1.566468,0.0000101807,689.989
random_mtx_17,33304,500,500,0,r,1,0,66.608,46,92,33304,0,100,1651,31653,4.957,0,33304,0,16.189472,18.709375,19.060192,17.021376,15.792288,15.527616,15.585824,0.865313,0.849387,0.951126,1.025151,1.042624,1.038731,0,0.0000000414662,0.0000000414662,4.67117E-10,0,0,0,12.192384,1.327835,0.00000952817,135.179
random_mtx_18,30795,500,500,0,r,1,0,61.59,40,83,30795,0,100,1604,29191,5.209,0,30795,0,15.162688,17.88352,18.675968,16.87488,15.03088,14.954624,15.220896,0.847858,0.811882,0.898536,1.008769,1.013913,0.996176,0,0.0000000426879,0.0000000426879,4.81861E-10,0,0,0,8.904224,1.702865,0.00000976361,664.989
random_mtx_19,32444,500,500,0,r,1,0,64.888,47,95,32444,0,100,1659,30785,5.113,0,32444,0,15.251488,18.024,18.457312,17.04896,15.359328,15.154528,15.508288,0.846177,0.826311,0.89457,0.992979,1.006398,0.983441,0,0.0000000506774,0.0000000506774,4.77591E-10,0,0,0,9.650176,1.580436,0.00000970318,444.812
random_mtx_2,73386,500,500,0,r,1,0,146.772,114,181,73386,0,100,3672,69714,5.004,0,73386,0,22.969025,24.490879,25.79088,23.655169,25.329439,23.403008,25.305599,0.93786,0.890587,0.970994,0.906811,0.981456,0.907666,0,0.0000000501849,0.0000000501849,5.55241E-10,0,0,0,14.748704,1.557359,0.0000117546,220.226
random_mtx_20,33704,500,500,0,r,1,0,67.408,47,91,33704,0,100,1691,32013,5.017,0,33704,0,15.460224,18.061407,18.513792,17.120192,15.523136,15.701184,15.660192,0.855981,0.835065,0.90304,0.995947,0.984653,0.987231,0,0.000000048782,0.000000048782,5.32686E-10,0,0,0,9.890176,1.56319,0.00000964962,519.534
random_mtx_21,55353,500,500,0,r,1,0,110.706,83,140,55353,0,100,2734,52619,4.939,0,55353,0,19.920609,22.16448,23.7936,19.769535,19.192801,19.027679,18.395967,0.898763,0.837225,1.007642,1.037921,1.046928,1.082879,0,0.0000000475902,0.0000000475902,5.35503E-10,0,0,0,11.996064,1.660595,0.0000102622,742.003
random_mtx_22,44776,500,500,0,r,1,0,89.552,61,121,44776,0,100,2198,42578,4.909,0,44776,0,16.8312,18.979328,19.223072,18.158464,16.957504,16.840897,17.407936,0.886817,0.875573,0.926907,0.992552,0.999424,0.966869,0,0.0000000450586,0.0000000450586,5.38786E-10,0,0,0,10.783008,1.5609,0.00000997,692.015
random_mtx_23,75048,500,500,0,r,1,0,150.096,121,180,75048,0,100,3729,71319,4.969,0,75048,0,21.42432,28.265633,24.87504,22.738209,23.253759,21.781313,23.231392,0.757964,0.861278,0.942217,0.921327,0.98361,0.922214,0,0.0000000329273,0.0000000329273,3.48624E-10,0,0,0,23.007904,0.931172,0.0000118104,704.932
random_mtx_24,91981,500,500,0,r,1,0,183.962,150,215,91981,0,100,4750,87231,5.164,0,91981,0,30.919296,32.377762,32.689152,31.045759,30.573664,31.582336,30.847424,0.954955,0.945858,0.995927,1.011305,0.979006,1.00233,0,0.0000000480087,0.0000000480087,5.83683E-10,0,0,0,27.516512,1.123663,0.0000114323,825.1
random_mtx_25,89740,500,500,0,r,1,0,179.48,137,222,89740,0,100,4495,85245,5.009,0,89740,0,28.539904,25.318304,26.671104,29.380129,28.801216,28.863617,28.902241,1.127244,1.070068,0.971402,0.990927,0.988785,0.987463,0,0.000000046547,0.000000046547,5.72592E-10,0,0,0,16.602655,1.718996,0.0000122693,150.049
random_mtx_26,83085,500,500,0,r,1,0,166.17,137,200,83085,0,100,4204,78881,5.06,0,83085,0,24.08128,24.141697,24.49168,23.258368,26.490976,24.814144,26.428991,0.997497,0.983243,1.035381,0.909037,0.970466,0.911169,0,0.0000000526749,0.0000000526749,5.56166E-10,0,0,0,15.860032,1.518363,0.0000111971,750.179
random_mtx_27,92953,500,500,0,r,1,0,185.906,152,219,92953,0,100,4654,88299,5.007,0,92953,0,30.975361,32.982559,26.205376,32.081505,31.866655,32.39616,31.544577,0.939144,1.182023,0.965521,0.97203,0.956143,0.981955,0,0.0000000423259,0.0000000423259,5.03491E-10,0,0,0,27.814016,1.11366,0.0000128014,872.308
random_mtx_29,60726,500,500,0,r,1,0,121.452,95,151,60726,0,100,3052,57674,5.026,0,60726,0,19.563072,25.545183,24.558208,20.917856,20.736641,19.627457,19.834145,0.765822,0.7966,0.935233,0.943406,0.99672,0.986333,0,0.0000000328302,0.0000000328302,3.96746E-10,0,0,0,19.9384,0.981176,0.0000115498,610.496
random_mtx_3,55474,500,500,0,r,1,0,110.948,81,139,55474,0,100,2756,52718,4.968,0,55474,0,18.130783,22.181313,22.584415,19.400736,18.409632,18.267488,18.489153,0.81739,0.802801,0.934541,0.984853,0.992516,0.980617,0,0.0000000449175,0.0000000449175,5.77976E-10,0,0,0,12.1752,1.489157,0.00000979197,672.87
random_mtx_30,80339,500,500,0,r,1,0,160.678,131,191,80339,0,100,3960,76379,4.929,0,80339,0,21.584,23.837761,24.524799,23.856768,23.621569,21.958817,23.614304,0.905454,0.880089,0.904733,0.913741,0.982931,0.914022,0,0.0000000487425,0.0000000487425,5.54188E-10,0,0,0,15.287744,1.41185,0.0000122307,596.278
random_mtx_31,95928,500,500,0,r,1,0,191.856,157,223,95928,0,100,4931,90997,5.14,0,95928,0,33.509502,26.207296,26.530016,33.695778,33.686592,33.686657,33.53635,1.278633,1.263079,0.994472,0.994743,0.994741,0.999199,0,0.0000000477497,0.0000000477497,5.60696E-10,0,0,0,18.098175,1.85154,0.0000111374,833.388
random_mtx_32,75839,500,500,0,r,1,0,151.678,112,181,75839,0,100,3831,72008,5.051,0,75839,0,25.367456,24.125824,29.368193,23.370687,24.021536,25.029345,24.075296,1.051465,0.863773,1.085439,1.05603,1.013509,1.053672,0,0.0000000447605,0.0000000447605,5.12454E-10,0,0,0,16.989632,1.493114,0.0000104388,537.732
random_mtx_33,65291,500,500,0,r,1,0,130.582,101,164,65291,0,100,3225,62066,4.939,0,65291,0,20.64864,27.401312,27.570848,21.726816,22.23616,20.894464,21.097441,0.753564,0.74893,0.950376,0.928606,0.988235,0.978727,0,0.0000000414763,0.0000000414763,5.09947E-10,0,0,0,21.287041,0.97001,0.0000118622,338.169
random_mtx_34,23068,500,500,0,r,1,0,46.136,27,66,23068,0,100,1131,21937,4.903,0,23068,0,13.92784,16.209921,16.538656,15.771488,13.974848,13.93424,14.010624,0.859217,0.842139,0.883102,0.996636,0.999541,0.994091,0,0.0000000416726,0.0000000416726,4.70952E-10,0,0,0,9.639328,1.444897,0.00000886226,571.698
random_mtx_35,14970,500,500,0,r,1,0,29.94,15,49,14970,0,100,729,14241,4.87,0,14970,0,12.13264,13.483328,14.569248,13.936288,12.350656,12.288992,12.455328,0.899825,0.832757,0.870579,0.982348,0.987277,0.974092,0,0.0000000439023,0.0000000439023,5.37197E-10,0,0,0,8.231264,1.47397,0.00000904851,217.12
random_mtx_36,71097,500,500,0,r,1,0,142.194,109,169,71097,0,100,3488,67609,4.906,0,71097,0,22.860928,24.987328,25.268768,24.276896,21.874111,23.25136,21.885183,0.914901,0.904711,0.941674,1.045113,0.983208,1.044585,0,0.0000000472473,0.0000000472473,5.35472E-10,0,0,0,14.752256,1.549656,0.0000113423,606.972
random_mtx_37,84621,500,500,0,r,1,0,169.242,143,205,84621,0,100,4279,80342,5.057,0,84621,0,24.280672,24.210913,24.557983,23.541824,26.628193,26.601152,27.585823,1.002881,0.988708,1.031384,0.911841,0.912768,0.880187,0,0.0000000402332,0.0000000402332,4.85255E-10,0,0,0,16.228607,1.496165,0.0000119377,759.549
random_mtx_38,62068,500,500,0,r,1,0,124.136,100,151,62068,0,100,3193,58875,5.144,0,62068,0,20.864639,25.9792,27.054079,20.943872,20.243967,19.978304,20.197472,0.803129,0.77122,0.996217,1.03066,1.044365,1.033032,0,0.0000000492744,0.0000000492744,6.31848E-10,0,0,0,20.316576,1.026976,0.0000105604,634.924
random_mtx_39,78865,500,500,0,r,1,0,157.73,131,190,78865,0,100,3885,74980,4.926,0,78865,0,24.772448,23.808672,28.671104,22.857697,23.43504,25.110847,23.576,1.04048,0.864021,1.083768,1.057069,0.986524,1.050749,0,0.0000000466574,0.0000000466574,5.08093E-10,0,0,0,15.524576,1.595692,0.0000109748,672.515
random_mtx_4,93971,500,500,0,r,1,0,187.942,156,220,93971,0,100,4780,89191,5.087,0,93971,0,32.064991,33.32576,33.317921,32.493439,32.702049,33.090847,32.517441,0.962168,0.962395,0.986814,0.980519,0.968999,0.986086,0,0.0000000483596,0.0000000483596,5.61696E-10,0,0,0,28.082785,1.141802,0.0000115686,561.804
random_mtx_40,85386,500,500,0,r,1,0,170.772,141,203,85386,0,100,4293,81093,5.028,0,85386,0,24.788992,24.375776,24.65056,26.333088,23.429249,27.376673,26.745825,1.016952,1.005616,0.941363,1.058036,0.905479,0.926836,0,0.0000000358196,0.0000000358196,4.33757E-10,0,0,0,16.424032,1.509312,0.0000127568,819.97
random_mtx_41,72465,500,500,0,r,1,0,144.93,118,180,72465,0,100,3550,68915,4.899,0,72465,0,21.48176,28.615232,25.08432,22.656609,21.96928,21.853792,21.991009,0.750711,0.856382,0.948145,0.977809,0.982976,0.976843,0,0.0000000458108,0.0000000458108,5.74573E-10,0,0,0,22.728992,0.945126,0.0000115046,708.952
random_mtx_43,68876,500,500,0,r,1,0,137.752,103,166,68876,0,100,3513,65363,5.1,0,68876,0,21.335424,28.121664,25.404192,23.005505,22.950464,21.524609,22.887903,0.758683,0.839839,0.927405,0.929629,0.991211,0.93217,0,0.0000000414715,0.0000000414715,4.79516E-10,0,0,0,22.104704,0.965198,0.0000109381,475.731
random_mtx_44,20240,500,500,0,r,1,0,40.48,23,60,20240,0,100,1024,19216,5.059,0,20240,0,13.313728,15.47472,16.536352,15.367104,13.547008,13.443584,13.57536,0.860353,0.805119,0.866379,0.98278,0.990341,0.980727,0,0.0000000428875,0.0000000428875,5.56876E-10,0,0,0,9.368096,1.421178,0.00000916996,558.218
random_mtx_45,26103,500,500,0,r,1,0,52.206,34,73,26103,0,100,1317,24786,5.045,0,26103,0,14.346688,16.971008,17.272032,16.264799,14.446816,14.3872,14.549376,0.845365,0.830631,0.88207,0.993069,0.997184,0.986069,0,0.0000000392378,0.0000000392378,4.82074E-10,0,0,0,8.872128,1.617052,0.0000100571,824.561
random_mtx_46,75072,500,500,0,r,1,0,150.144,121,191,75072,0,100,3643,71429,4.853,0,75072,0,21.412544,28.425632,24.51712,22.691263,23.335487,21.815777,23.322945,0.753283,0.873371,0.943647,0.917596,0.981516,0.918089,0,0.0000000477411,0.0000000477411,5.58736E-10,0,0,0,23.338593,0.917474,0.0000116167,788.37
random_mtx_47,89946,500,500,0,r,1,0,179.892,150,209,89946,0,100,4514,85432,5.019,0,89946,0,29.544672,31.794559,33.401215,29.548256,29.126881,30.600288,29.526144,0.929237,0.884539,0.999879,1.014344,0.965503,1.000628,0,0.0000000505991,0.0000000505991,5.62983E-10,0,0,0,26.795744,1.102588,0.0000119783,549.943
random_mtx_48,49120,500,500,0,r,1,0,98.24,72,123,49120,0,100,2514,46606,5.118,0,49120,0,17.2712,19.62384,20.039776,19.014912,17.908096,17.256544,17.877089,0.880113,0.861846,0.908298,0.964435,1.000849,0.966108,0,0.0000000409049,0.0000000409049,4.77532E-10,0,0,0,11.291488,1.529577,0.0000102777,692.81
random_mtx_49,92603,500,500,0,r,1,0,185.206,155,213,92603,0,100,4729,87874,5.107,0,92603,0,30.62336,25.802656,26.095232,31.187967,30.895967,31.443296,31.117472,1.18683,1.173523,0.981897,0.991177,0.973923,0.984121,0,0.0000000383765,0.0000000383765,4.53022E-10,0,0,0,17.343264,1.765721,0.0000112453,307.305
random_mtx_5,20599,500,500,0,r,1,0,41.198,24,70,20599,0,100,1042,19557,5.058,0,20599,0,13.432992,15.442208,15.88944,15.418656,13.508032,13.427456,13.616512,0.869888,0.845404,0.871217,0.994445,1.000412,0.986522,0,0.0000000451326,0.0000000451326,5.35107E-10,0,0,0,8.404064,1.598392,0.00000856863,791.02
random_mtx_50,83071,500,500,0,r,1,0,166.142,131,202,83071,0,100,4152,78919,4.998,0,83071,0,22.1064,23.949951,29.265663,24.129601,22.574816,23.639135,22.518881,0.923025,0.75537,0.916153,0.97925,0.935161,0.981683,0,0.0000000522626,0.0000000522626,5.86555E-10,0,0,0,15.78224,1.400714,0.000012127,798.124
random_mtx_51,74779,500,500,0,r,1,0,149.558,118,185,74779,0,100,3662,71117,4.897,0,74779,0,21.54464,24.260223,29.394432,24.920353,21.953695,21.937792,22.017153,0.888064,0.73295,0.86454,0.981367,0.982079,0.978539,0,0.0000000434433,0.0000000434433,5.11725E-10,0,0,0,15.35376,1.403216,0.0000117509,823.695
random_mtx_52,49040,500,500,0,r,1,0,98.08,71,122,49040,0,100,2471,46569,5.039,0,49040,0,17.753216,19.508608,19.830849,18.319679,17.271008,17.688095,17.263424,0.91002,0.895232,0.969079,1.02792,1.003682,1.028372,0,0.0000000444132,0.0000000444132,5.39102E-10,0,0,0,11.089824,1.600856,0.0000105009,609.939
random_mtx_53,21035,500,500,0,r,1,0,42.07,22,69,21035,0,100,1031,20004,4.901,0,21035,0,13.598528,15.647808,16.055296,15.42672,13.655168,13.506688,13.77168,0.869037,0.846981,0.881492,0.995852,1.0068,0.987427,0,0.0000000437924,0.0000000437924,4.596E-10,0,0,0,9.12384,1.490439,0.00000964022,241.895
random_mtx_54,89886,500,500,0,r,1,0,179.772,142,213,89886,0,100,4511,85375,5.019,0,89886,0,28.675936,31.762337,31.879969,29.64208,29.972095,30.035872,29.192385,0.902828,0.899497,0.967406,0.956754,0.954723,0.982309,0,0.0000000440041,0.0000000440041,5.23871E-10,0,0,0,26.97296,1.063136,0.0000132376,829.797
random_mtx_55,31428,500,500,0,r,1,0,62.856,38,86,31428,0,100,1573,29855,5.005,0,31428,0,15.937504,18.007648,18.435583,16.968288,15.498656,15.120864,15.47584,0.885041,0.864497,0.939252,1.028315,1.054007,1.029831,0,0.0000000478054,0.0000000478054,5.01608E-10,0,0,0,9.19584,1.733121,0.00000995685,583.436
random_mtx_56,28975,500,500,0,r,1,0,57.95,38,89,28975,0,100,1446,27529,4.991,0,28975,0,14.696768,17.738239,17.954432,16.600832,14.94912,14.661632,14.996192,0.828536,0.818559,0.885303,0.983119,1.002396,0.980033,0,0.0000000395766,0.0000000395766,4.46316E-10,0,0,0,11.40128,1.289045,0.00000954518,78.1827
random_mtx_57,23006,500,500,0,r,1,0,46.012,29,65,23006,0,100,1183,21823,5.142,0,23006,0,13.904032,16.115328,16.500032,15.77776,14.021536,13.918848,14.147648,0.862783,0.842667,0.881242,0.99162,0.998936,0.98278,0,0.0000000425608,0.0000000425608,5.17772E-10,0,0,0,8.703488,1.597524,0.00000931694,316.972
random_mtx_58,69890,500,500,0,r,1,0,139.78,112,166,69890,0,100,3433,66457,4.912,0,69890,0,21.192127,28.352097,26.293056,23.149248,21.663233,21.509632,21.707359,0.747462,0.805997,0.915456,0.978253,0.985239,0.976265,0,0.0000000447807,0.0000000447807,5.18951E-10,0,0,0,22.308895,0.949941,0.000010061,302.593
random_mtx_59,63450,500,500,0,r,1,0,126.9,96,157,63450,0,100,3221,60229,5.076,0,63450,0,20.176512,24.809856,25.93984,21.868288,21.550112,20.322529,21.564833,0.813246,0.777819,0.922638,0.93626,0.992815,0.935621,0,0.0000000364741,0.0000000364741,4.3229E-10,0,0,0,13.411744,1.504391,0.0000106369,349.817
random_mtx_6,86499,500,500,0,r,1,0,172.998,139,207,86499,0,100,4370,82129,5.052,0,86499,0,23.617151,24.597441,24.862495,23.995487,25.845823,27.984863,27.619583,0.960147,0.949911,0.984233,0.913771,0.843926,0.855087,0,0.0000000515881,0.0000000515881,5.63473E-10,0,0,0,16.629087,1.420231,0.0000128749,973.877
random_mtx_60,69969,500,500,0,r,1,0,139.938,111,178,69969,0,100,3530,66439,5.045,0,69969,0,21.361153,28.481056,25.253599,23.072191,21.832544,21.679712,21.831392,0.750013,0.845866,0.92584,0.978409,0.985306,0.97846,0,0.0000000444986,0.0000000444986,5.22684E-10,0,0,0,22.408224,0.953273,0.0000104564,851.345
random_mtx_61,17687,500,500,0,r,1,0,35.374,16,55,17687,0,100,901,16786,5.094,0,17687,0,12.845632,14.466528,15.776,14.591392,12.982656,12.91472,13.006848,0.887955,0.814251,0.880357,0.989446,0.99465,0.987605,0,0.0000000432175,0.0000000432175,4.53181E-10,0,0,0,7.900512,1.625924,0.00000907282,550.815
random_mtx_62,85271,500,500,0,r,1,0,170.542,139,199,85271,0,100,4313,80958,5.058,0,85271,0,23.234753,30.318687,24.678432,26.480415,25.124607,27.339008,27.035072,0.766351,0.9415,0.877432,0.924781,0.849875,0.85943,0,0.0000000461659,0.0000000461659,5.94357E-10,0,0,0,25.518656,0.910501,0.0000111949,495.43
random_mtx_63,35662,500,500,0,r,1,0,71.324,51,99,35662,0,100,1812,33850,5.081,0,35662,0,15.716864,19.166719,18.723425,17.33456,15.851392,15.544576,16.419905,0.820008,0.839422,0.906678,0.991513,1.011083,0.957184,0,0.000000046887,0.000000046887,5.2009E-10,0,0,0,12.8728,1.220936,0.0000102299,563.947
random_mtx_64,94624,500,500,0,r,1,0,189.248,155,230,94624,0,100,4700,89924,4.967,0,94624,0,32.707073,26.102177,27.386784,32.447903,32.987518,33.215168,32.941982,1.25304,1.194265,1.007987,0.991498,0.984703,0.992869,0,0.0000000336373,0.0000000336373,4.06564E-10,0,0,0,17.360319,1.884013,0.0000118103,184.548
random_mtx_65,15872,500,500,0,r,1,0,31.744,17,49,15872,0,100,804,15068,5.066,0,15872,0,12.378528,13.540352,13.97776,14.009856,12.487392,12.422016,12.595264,0.914195,0.885587,0.883559,0.991282,0.996499,0.982792,0,0.0000000431988,0.0000000431988,5.3816E-10,0,0,0,8.270784,1.496657,0.00000887394,522.324
random_mtx_66,70351,500,500,0,r,1,0,140.702,112,171,70351,0,100,3582,66769,5.092,0,70351,0,24.546976,24.901024,25.970495,22.345568,23.183968,24.893921,23.178368,0.985782,0.945187,1.098517,1.058791,0.986063,1.059047,0,0.0000000456596,0.0000000456596,5.50338E-10,0,0,0,14.863584,1.651484,0.000011004,1298.27
random_mtx_67,94409,500,500,0,r,1,0,188.818,150,227,94409,0,100,4741,89668,5.022,0,94409,0,32.533665,26.197409,26.494017,32.469536,32.664833,32.957474,32.713951,1.241866,1.227963,1.001975,0.995984,0.987141,0.994489,0,0.0000000456377,0.0000000456377,4.68728E-10,0,0,0,17.767263,1.831102,0.0000121357,183.564
random_mtx_68,80531,500,500,0,r,1,0,161.062,134,191,80531,0,100,4021,76510,4.993,0,80531,0,23.230881,23.785952,24.108608,22.978399,25.493889,23.768641,25.491615,0.976664,0.963593,1.010988,0.911233,0.977375,0.911315,0,0.0000000374649,0.0000000374649,4.43244E-10,0,0,0,15.635648,1.485764,0.0000115665,506.874
random_mtx_69,74506,500,500,0,r,1,0,149.012,120,177,74506,0,100,3729,70777,5.005,0,74506,0,21.580929,28.676191,28.908928,24.050016,22.019648,21.956224,22.042528,0.752573,0.746514,0.897335,0.980076,0.982907,0.979059,0,0.000000033732,0.000000033732,3.46964E-10,0,0,0,23.358368,0.923906,0.0000120305,496.361
random_mtx_7,81116,500,500,0,r,1,0,162.232,133,193,81116,0,100,4101,77015,5.056,0,81116,0,25.424192,24.040705,24.30912,22.869984,23.99024,25.75456,24.132416,1.057548,1.045871,1.111684,1.059772,0.987172,1.053529,0,0.0000000453597,0.0000000453597,5.30314E-10,0,0,0,15.743712,1.614879,0.0000106065,292.722
random_mtx_70,74526,500,500,0,r,1,0,149.052,120,181,74526,0,100,3749,70777,5.03,0,74526,0,21.319872,28.408833,29.504383,24.096672,21.870752,21.666304,21.799456,0.750466,0.7226,0.884764,0.974812,0.984011,0.978,0,0.0000000492573,0.0000000492573,5.52293E-10,0,0,0,22.796673,0.935219,0.0000108509,152.271
random_mtx_71,21557,500,500,0,r,1,0,43.114,29,61,21557,0,100,1083,20474,5.024,0,21557,0,13.54496,15.684096,16.185375,15.484736,13.71808,13.604416,13.93232,0.863611,0.836864,0.87473,0.98738,0.99563,0.972197,0,0.0000000429711,0.0000000429711,4.89024E-10,0,0,0,9.08496,1.490921,0.00000903795,100.407
random_mtx_72,46677,500,500,0,r,1,0,93.354,73,120,46677,0,100,2361,44316,5.058,0,46677,0,16.958143,20.705088,21.512032,19.006241,17.102943,16.925823,17.453089,0.819033,0.78831,0.892241,0.991534,1.00191,0.971641,0,0.0000000464989,0.0000000464989,5.53609E-10,0,0,0,15.670432,1.082175,0.0000100388,268.642
random_mtx_73,25183,500,500,0,r,1,0,50.366,34,70,25183,0,100,1275,23908,5.063,0,25183,0,14.209088,16.765247,17.073952,16.033152,14.28736,14.098784,14.375232,0.847532,0.832209,0.886232,0.994522,1.007824,0.988442,0,0.0000000435363,0.0000000435363,5.16252E-10,0,0,0,9.903232,1.434793,0.00000967449,287.335
random_mtx_74,79016,500,500,0,r,1,0,158.032,128,194,79016,0,100,3903,75113,4.94,0,79016,0,23.085888,23.72624,24.074112,23.923777,25.439297,23.599072,25.538368,0.973011,0.958951,0.964977,0.907489,0.978254,0.903969,0,0.0000000449841,0.0000000449841,5.16794E-10,0,0,0,15.544544,1.485144,0.0000124532,194.664
random_mtx_75,96428,500,500,0,r,1,0,192.856,157,221,96428,0,100,4941,91487,5.124,0,96428,0,33.957375,26.45536,26.76384,34.061729,33.912033,33.934464,33.771873,1.283573,1.268778,0.996936,1.001337,1.000675,1.005493,0,0.0000000487143,0.0000000487143,5.48842E-10,0,0,0,18.109056,1.87516,0.0000112098,344.618
random_mtx_76,62180,500,500,0,r,1,0,124.36,96,153,62180,0,100,3112,59068,5.005,0,62180,0,22.252447,24.679647,25.040833,21.204384,21.293377,20.088673,20.318209,0.901652,0.888646,1.049427,1.045041,1.107711,1.095197,0,0.0000000417655,0.0000000417655,4.9509E-10,0,0,0,13.620384,1.633761,0.0000117717,426.57
random_mtx_77,69882,500,500,0,r,1,0,139.764,108,170,69882,0,100,3502,66380,5.011,0,69882,0,21.306305,25.086975,25.387199,22.940704,21.758112,21.579231,21.736448,0.849297,0.839254,0.928755,0.979235,0.987352,0.980211,0,0.0000000352756,0.0000000352756,4.4523E-10,0,0,0,14.847552,1.435005,0.0000107711,278.828
random_mtx_78,28687,500,500,0,r,1,0,57.374,35,76,28687,0,100,1391,27296,4.849,0,28687,0,15.070176,17.526913,18.045984,16.524672,14.981568,14.887232,14.985472,0.859831,0.835099,0.91198,1.005914,1.012289,1.005652,0,0.0000000473777,0.0000000473777,4.94746E-10,0,0,0,9.463168,1.592509,0.00000956018,315.267
random_mtx_79,32390,500,500,0,r,1,0,64.78,46,90,32390,0,100,1662,30728,5.131,0,32390,0,15.178016,18.017023,18.533344,17.033567,15.326048,15.125408,15.502528,0.842426,0.818957,0.891065,0.990341,1.003478,0.979067,0,0.0000000483242,0.0000000483242,5.20733E-10,0,0,0,9.612512,1.578985,0.0000104245,608.203
random_mtx_8,89340,500,500,0,r,1,0,178.68,154,207,89340,0,100,4449,84891,4.98,0,89340,0,28.130753,25.159649,25.47888,29.822464,28.745407,29.127775,28.906944,1.11809,1.104081,0.943274,0.978617,0.965771,0.973149,0,0.0000000460173,0.0000000460173,5.46946E-10,0,0,0,16.784351,1.676011,0.0000117909,298.543
random_mtx_80,38791,500,500,0,r,1,0,77.582,54,107,38791,0,100,1986,36805,5.12,0,38791,0,16.747969,18.488895,18.679968,17.554239,16.240929,16.685921,16.451136,0.905839,0.896574,0.95407,1.03122,1.003719,1.018043,0,0.000000049171,0.000000049171,5.91047E-10,0,0,0,9.773696,1.713576,0.00000983406,59.2198
random_mtx_81,71243,500,500,0,r,1,0,142.486,114,172,71243,0,100,3488,67755,4.896,0,71243,0,21.58128,28.751936,29.014336,23.399008,22.070463,21.903681,22.070784,0.750603,0.743814,0.922316,0.977835,0.985281,0.977821,0,0.0000000478479,0.0000000478479,5.84831E-10,0,0,0,22.708256,0.950372,0.0000106313,420.796
random_mtx_82,79368,500,500,0,r,1,0,158.736,127,191,79368,0,100,4057,75311,5.112,0,79368,0,21.500481,28.085152,28.507233,22.729536,21.887936,22.157408,21.910273,0.765546,0.754211,0.945927,0.982298,0.970352,0.981297,0,0.000000035658,0.000000035658,4.04316E-10,0,0,0,23.870687,0.900706,0.0000108768,198.017
random_mtx_83,30798,500,500,0,r,1,0,61.596,41,85,30798,0,100,1601,29197,5.198,0,30798,0,15.103488,17.734079,18.483423,16.847872,15.007168,14.947328,15.192224,0.851665,0.817137,0.896463,1.006418,1.010447,0.994159,0,0.0000000431053,0.0000000431053,4.92619E-10,0,0,0,9.186912,1.644022,0.00000870273,883.372
random_mtx_84,71571,500,500,0,r,1,0,143.142,114,171,71571,0,100,3505,68066,4.897,0,71571,0,22.844769,24.76704,25.103552,22.643265,21.977119,23.21312,21.967873,0.922386,0.910021,1.008899,1.03948,0.984132,1.039917,0,0.0000000372209,0.0000000372209,4.47858E-10,0,0,0,14.733184,1.550566,0.0000115934,816.224
random_mtx_85,45060,500,500,0,r,1,0,90.12,62,119,45060,0,100,2293,42767,5.089,0,45060,0,17.955521,18.975008,20.532,17.99744,17.266399,17.181248,16.833824,0.946272,0.874514,0.997671,1.039911,1.045065,1.066633,0,0.000000042275,0.000000042275,5.11602E-10,0,0,0,10.821824,1.659195,0.00000975565,299.549
random_mtx_86,32544,500,500,0,r,1,0,65.088,45,87,32544,0,100,1704,30840,5.236,0,32544,0,15.277056,18.572927,19.63648,17.091776,15.666944,15.24656,15.544672,0.822544,0.777994,0.893825,0.975114,1.002,0.982784,0,0.000000040701,0.000000040701,5.05096E-10,0,0,0,11.753408,1.299798,0.0000104798,287.992
random_mtx_87,45003,500,500,0,r,1,0,90.006,66,116,45003,0,100,2269,42734,5.042,0,45003,0,16.808384,18.844641,19.411232,18.6688,17.319296,16.745567,17.319489,0.891945,0.86591,0.900346,0.9705,1.003751,0.97049,0,0.0000000433659,0.0000000433659,5.33639E-10,0,0,0,10.271264,1.636447,0.0000110559,470.879
random_mtx_88,43998,500,500,0,r,1,0,87.996,67,113,43998,0,100,2133,41865,4.848,0,43998,0,16.54048,18.59664,19.751776,18.11936,16.721439,16.530975,17.125568,0.889434,0.837417,0.912862,0.989178,1.000575,0.965835,0,0.0000000432011,0.0000000432011,4.76388E-10,0,0,0,10.00752,1.652805,0.0000101046,91.7164
random_mtx_89,80759,500,500,0,r,1,0,161.518,134,186,80759,0,100,4127,76632,5.11,0,80759,0,21.322369,28.152737,24.588833,22.670912,21.87952,21.7656,22.001087,0.757382,0.867157,0.940517,0.974535,0.979636,0.969151,0,0.0000000466508,0.0000000466508,5.63547E-10,0,0,0,23.936544,0.890787,0.0000119516,421.539
random_mtx_9,29795,500,500,0,r,1,0,59.59,39,83,29795,0,100,1510,28285,5.068,0,29795,0,15.016992,17.703775,19.385441,16.690529,14.986336,14.889344,15.14592,0.848237,0.774653,0.899731,1.002046,1.008573,0.991488,0,0.000000045331,0.000000045331,5.2263E-10,0,0,0,8.910656,1.685285,0.00000929471,371.738
random_mtx_90,70296,500,500,0,r,1,0,140.592,109,171,70296,0,100,3511,66785,4.995,0,70296,0,22.688383,24.781631,25.123104,22.259872,24.673471,22.942495,24.634304,0.915532,0.903088,1.01925,0.919546,0.988924,0.921008,0,0.0000000414764,0.0000000414764,4.94237E-10,0,0,0,14.863456,1.526454,0.0000108929,606.439
random_mtx_91,45705,500,500,0,r,1,0,91.41,70,115,45705,0,100,2313,43392,5.061,0,45705,0,17.329409,18.819777,20.165024,18.160543,18.176064,16.638304,16.896671,0.920808,0.85938,0.954234,0.953419,1.041537,1.025611,0,0.0000000512255,0.0000000512255,5.34909E-10,0,0,0,10.36688,1.671613,0.00000973698,271.675
random_mtx_92,93395,500,500,0,r,1,0,186.79,156,222,93395,0,100,4681,88714,5.012,0,93395,0,31.066591,25.718657,26.091137,31.710848,31.408607,31.899712,31.956991,1.20794,1.190695,0.979683,0.989111,0.973883,0.972138,0,0.000000049218,0.000000049218,6.19949E-10,0,0,0,17.358145,1.789741,0.000011887,276.585
random_mtx_93,73540,500,500,0,r,1,0,147.08,115,181,73540,0,100,3528,70012,4.797,0,73540,0,22.953888,28.657984,28.796127,22.71216,25.330273,23.404257,25.283457,0.80096,0.797117,1.010643,0.906184,0.980757,0.907862,0,0.0000000478289,0.0000000478289,5.34253E-10,0,0,0,23.091553,0.994038,0.0000107757,85.6507
random_mtx_94,86720,500,500,0,r,1,0,173.44,139,206,86720,0,100,4448,82272,5.129,0,86720,0,25.729792,24.638912,24.946688,24.849407,27.964319,28.366049,28.872192,1.044275,1.031391,1.035429,0.920094,0.907063,0.891162,0,0.0000000472841,0.0000000472841,5.31769E-10,0,0,0,16.585217,1.551369,0.0000124478,205.269
random_mtx_95,71293,500,500,0,r,1,0,142.586,114,172,71293,0,100,3510,67783,4.923,0,71293,0,21.365185,28.248384,28.599936,24.922464,21.917408,21.77632,21.90016,0.756333,0.747036,0.857266,0.974804,0.98112,0.975572,0,0.0000000587303,0.0000000587303,5.53351E-10,0,0,0,22.547615,0.947559,0.0000114749,216.941
random_mtx_96,72890,500,500,0,r,1,0,145.78,107,176,72890,0,100,3683,69207,5.053,0,72890,0,22.944672,24.525473,24.789503,22.641504,25.253376,23.455809,25.22928,0.935545,0.92558,1.01339,0.908578,0.978209,0.909446,0,0.0000000481156,0.0000000481156,5.668E-10,0,0,0,15.146304,1.514869,0.0000116142,631.256
random_mtx_97,20452,500,500,0,r,1,0,40.904,25,58,20452,0,100,1062,19390,5.193,0,20452,0,13.438496,15.496864,15.806976,15.271712,13.6216,13.475456,13.724352,0.867175,0.850162,0.87996,0.986558,0.997257,0.979172,0,0.0000000465727,0.0000000465727,5.30118E-10,0,0,0,8.822752,1.523164,0.00000917842,161.364
random_mtx_98,87037,500,500,0,r,1,0,174.074,140,205,87037,0,100,4334,82703,4.979,0,87037,0,24.987328,24.604321,24.862783,23.949184,25.666656,28.224064,27.791744,1.015567,1.005009,1.043348,0.973533,0.88532,0.899092,0,0.0000000420153,0.0000000420153,4.98154E-10,0,0,0,16.662432,1.499621,0.0000118576,410.42
random_mtx_99,87413,500,500,0,r,1,0,174.826,146,204,87413,0,100,4413,83000,5.048,0,87413,0,26.714369,30.378656,25.105408,24.298336,27.226784,27.626368,27.237663,0.87938,1.064088,1.099432,0.98118,0.966988,0.980788,0,0.0000000486439,0.0000000486439,5.33981E-10,0,0,0,26.118689,1.022807,0.000011502,95.5348
random_mtx_nc1,68790,903,843,0,r,1,0,76.179402,54,99,68790,0,100,3387,65403,4.924,0,68790,0,27.22736,31.514816,32.599232,29.662048,27.250977,26.799616,27.676992,0.863954,0.835215,0.917919,0.999133,1.015961,0.983754,0,0.0000000445488,0.0000000445488,5.10542E-10,0,0,0,17.824608,1.527515,0.00000974863,259.949
random_mtx_nc10,309107,1646,779,0,r,1,0,187.792831,155,233,309107,0,100,15440,293667,4.995,0,309107,0,103.002335,93.502144,94.42157,105.492737,104.721375,106.172447,103.080864,1.101604,1.090877,0.976393,0.983585,0.970142,0.999238,0,0.0000000443451,0.0000000443451,5.44663E-10,0,0,0,76.326721,1.349492,0.0000116754,469.737
random_mtx_nc100,245176,799,1450,0,r,1,0,306.853567,250,349,245176,0,100,12205,232971,4.978,0,245176,0,81.706558,69.529663,70.023582,84.245506,81.512733,85.864288,81.814461,1.175132,1.166843,0.969863,1.002378,0.951578,0.998681,0,0.0000000379568,0.0000000379568,4.37924E-10,0,0,0,66.438881,1.2298,0.0000154463,519.353
random_mtx_nc11,268319,671,1005,0,r,1,0,399.879285,357,449,268319,0,100,13440,254879,5.009,0,268319,0,85.832062,70.681984,71.035583,87.686531,85.636452,90.667809,85.564995,1.214341,1.208297,0.978851,1.002284,0.946665,1.003121,0,0.0000000315923,0.0000000315923,3.82478E-10,0,0,0,68.480095,1.253387,0.0000141816,435.874
random_mtx_nc12,990576,1996,1516,0,r,1,0,496.280561,441,556,990576,0,100,49777,940799,5.025,0,990576,0,311.746918,255.52182,255.731293,310.675262,311.468079,313.798889,312.410461,1.22004,1.219041,1.003449,1.000895,0.993461,0.997876,0,0.0000000473703,0.0000000473703,5.6966E-10,0,0,0,253.821213,1.228215,0.0000160989,163.71
random_mtx_nc13,809905,1721,1596,0,r,1,0,470.601395,419,528,809905,0,100,40207,769698,4.964,0,809905,0,256.153961,210.679077,211.082138,257.842865,255.540512,260.933197,256.258209,1.215849,1.213527,0.99345,1.002401,0.981684,0.999593,0,0.0000000417223,0.0000000417223,5.04923E-10,0,0,0,209.230392,1.224267,0.0000154768,609.579
random_mtx_nc14,523262,1588,1761,0,r,1,0,329.510076,281,380,523262,0,100,26325,496937,5.031,0,523262,0,170.352066,143.088196,145.342819,173.781052,170.310822,176.082855,170.514938,1.190539,1.172071,0.980268,1.000242,0.967454,0.999045,0,0.0000000426316,0.0000000426316,5.07949E-10,0,0,0,140.060837,1.216272,0.0000143062,581.43
random_mtx_nc15,447897,1087,1759,0,r,1,0,412.048758,356,465,447897,0,100,22483,425414,5.02,0,447897,0,145.352356,120.961601,121.462563,150.519165,145.307648,151.941818,145.534912,1.20164,1.196684,0.965673,1.000308,0.956632,0.998746,0,0.0000000394818,0.0000000394818,4.8307E-10,0,0,0,119.590401,1.215418,0.00001526,651.543
random_mtx_nc16,429260,726,1921,0,r,1,0,591.267218,537,651,429260,0,100,21662,407598,5.046,0,429260,0,139.601822,116.425919,116.732193,139.711548,139.389923,145.759293,139.389053,1.199061,1.195915,0.999215,1.00152,0.957756,1.001526,0,0.0000000310631,0.0000000310631,3.21367E-10,0,0,0,115.782211,1.205728,0.0000186152,275.105
random_mtx_nc17,155866,1132,1427,0,r,1,0,137.690813,105,168,155866,0,100,7685,148181,4.931,0,155866,0,63.68285,60.501598,61.451874,66.113632,64.971107,64.678238,64.349472,1.052581,1.036304,0.963233,0.980172,0.98461,0.989641,0,0.0000000466931,0.0000000466931,5.16451E-10,0,0,0,46.377728,1.373134,0.0000108482,432.82
random_mtx_nc18,488424,1433,1849,0,r,1,0,340.840195,287,410,488424,0,100,24216,464208,4.958,0,488424,0,159.5177,133.869629,134.467911,163.777786,159.293625,162.278397,159.385788,1.19159,1.186288,0.973989,1.001407,0.982988,1.000828,0,0.0000000401508,0.0000000401508,4.75837E-10,0,0,0,131.515747,1.212917,0.0000148225,71.6148
random_mtx_nc19,1246141,1679,1875,0,r,1,0,742.192376,683,822,1246141,0,100,62305,1183836,5,0,1246141,0,397.103119,328.496704,328.00946,394.631653,396.393127,398.777222,396.522308,1.20885,1.210645,1.006263,1.001791,0.995802,1.001465,0,0.0000000556192,0.0000000556192,5.76434E-10,0,0,0,326.992676,1.21441,0.0000195226,610.299
random_mtx_nc2,134177,1304,1116,0,r,1,0,102.896472,72,135,134177,0,100,6711,127466,5.002,0,134177,0,54.778786,53.285889,53.832737,56.343872,55.052799,54.23008,54.01981,1.028017,1.017574,0.972223,0.995023,1.010118,1.01405,0,0.0000000432673,0.0000000432673,5.1787E-10,0,0,0,36.607361,1.496387,0.0000100324,485.976
random_mtx_nc20,437996,1304,1492,0,r,1,0,335.886503,285,383,437996,0,100,21755,416241,4.967,0,437996,0,141.565445,117.761406,118.682716,145.679108,141.471359,146.626755,141.43718,1.202138,1.192806,0.971762,1.000665,0.965482,1.000907,0,0.0000000463333,0.0000000463333,5.30968E-10,0,0,0,114.545441,1.235889,0.0000141966,171.415
random_mtx_nc21,410565,837,1779,0,r,1,0,490.519713,423,559,410565,0,100,20653,389912,5.03,0,410565,0,133.657913,111.71344,111.58963,134.204742,133.506241,136.931335,133.713821,1.196435,1.197763,0.995925,1.001136,0.976094,0.999582,0,0.0000000504127,0.0000000504127,5.939E-10,0,0,0,110.387581,1.210806,0.0000174255,169.374
random_mtx_nc22,228669,748,921,0,r,1,0,305.707219,268,356,228669,0,100,11462,217207,5.012,0,228669,0,72.852417,61.720608,62.873375,76.428352,73.334366,77.56176,73.532318,1.180358,1.158717,0.953212,0.993428,0.939283,0.990754,0,0.000000045005,0.000000045005,5.11909E-10,0,0,0,57.184479,1.273989,0.0000125338,773.19
random_mtx_nc23,123876,1518,1630,0,r,1,0,81.604743,50,112,123876,0,100,6171,117705,4.982,0,123876,0,59.236862,51.835487,54.479649,61.432194,60.290272,59.526142,59.682495,1.142786,1.087321,0.964264,0.982528,0.99514,0.992533,0,0.0000000449091,0.0000000449091,5.15234E-10,0,0,0,29.3496,2.018319,0.0000103529,168.998
random_mtx_nc24,85805,1124,909,0,r,1,0,76.338968,48,104,85805,0,100,4157,81648,4.845,0,85805,0,36.926239,38.829601,39.456032,37.198143,37.482944,39.292545,39.648991,0.950982,0.935883,0.99269,0.985148,0.939777,0.931329,0,0.0000000436411,0.0000000436411,4.72696E-10,0,0,0,22.646591,1.630543,0.0000104384,111.925
random_mtx_nc25,237652,1787,1261,0,r,1,0,132.989368,102,181,237652,0,100,11925,225727,5.018,0,237652,0,93.647293,91.294525,93.805824,94.404831,96.002815,95.423233,95.022781,1.025771,0.99831,0.991976,0.975464,0.981389,0.985525,0,0.0000000440761,0.0000000440761,4.89E-10,0,0,0,68.451202,1.368088,0.0000113224,281.005
random_mtx_nc26,242879,887,1071,0,r,1,0,273.820744,231,323,242879,0,100,12232,230647,5.036,0,242879,0,80.005249,70.661537,71.088638,85.179329,81.155106,85.10141,81.320061,1.132232,1.125429,0.939257,0.985831,0.940117,0.983832,0,0.0000000459835,0.0000000459835,5.07055E-10,0,0,0,63.120319,1.267504,0.0000141286,839.171
random_mtx_nc27,156821,632,978,0,r,1,0,248.134494,210,289,156821,0,100,7953,148868,5.071,0,156821,0,54.168831,48.446274,49.684353,55.251392,54.260674,55.402561,54.176895,1.118122,1.090259,0.980407,0.998307,0.977732,0.999851,0,0.0000000363525,0.0000000363525,4.3079E-10,0,0,0,41.285503,1.312055,0.0000135576,227.342
random_mtx_nc28,300775,1300,719,0,r,1,0,231.365385,189,269,300775,0,100,14810,285965,4.924,0,300775,0,94.62886,84.037598,86.297981,97.915359,94.478813,95.379356,94.120064,1.12603,1.096536,0.966435,1.001588,0.992131,1.005406,0,0.0000000396816,0.0000000396816,4.90862E-10,0,0,0,70.184227,1.348292,0.0000130253,210.275
random_mtx_nc29,405443,1867,727,0,r,1,0,217.162828,170,257,405443,0,100,20428,385015,5.038,0,405443,0,126.824509,111.622177,114.345757,133.621155,127.860481,129.134171,125.775391,1.136195,1.109132,0.949135,0.991898,0.982114,1.008341,0,0.0000000370944,0.0000000370944,4.4064E-10,0,0,0,92.800163,1.366641,0.0000125506,239.847
random_mtx_nc3,268772,1956,1289,0,r,1,0,137.408998,104,176,268772,0,100,13523,255249,5.031,0,268772,0,103.957985,101.319389,102.753792,108.275681,106.357216,105.972992,104.882271,1.026042,1.011719,0.960123,0.977442,0.980986,0.991187,0,0.0000000464101,0.0000000464101,5.25677E-10,0,0,0,76.565155,1.357771,0.0000106312,549.263
random_mtx_nc30,313861,1016,788,0,r,1,0,308.918307,263,355,313861,0,100,15805,298056,5.036,0,313861,0,96.221855,81.559647,84.182785,100.158432,96.757668,100.994339,96.962814,1.179773,1.143011,0.960697,0.994462,0.952745,0.992358,0,0.0000000444349,0.0000000444349,5.14526E-10,0,0,0,73.201027,1.314488,0.0000137181,766.162
random_mtx_nc31,577713,1410,1247,0,r,1,0,409.725532,362,465,577713,0,100,28698,549015,4.968,0,577713,0,181.060608,147.255646,147.69101,186.368027,181.172409,186.715714,181.484634,1.229566,1.225942,0.971522,0.999383,0.969713,0.997664,0,0.0000000511571,0.0000000511571,5.49061E-10,0,0,0,145.40358,1.245228,0.0000155981,464.596
random_mtx_nc32,284354,1730,735,0,r,1,0,164.366474,123,198,284354,0,100,13858,270496,4.874,0,284354,0,93.704063,86.930466,88.459198,99.68605,95.789375,95.491524,94.059006,1.07792,1.059291,0.939992,0.97823,0.981281,0.996226,0,0.0000000478765,0.0000000478765,5.27727E-10,0,0,0,68.749504,1.362978,0.0000118165,165.343
random_mtx_nc33,42944,996,824,0,r,1,0,43.116466,25,66,42944,0,100,2168,40776,5.048,0,42944,0,25.006592,29.195936,31.117056,28.739552,25.22224,24.971519,25.434431,0.856509,0.80363,0.870111,0.99145,1.001404,0.983179,0,0.0000000442861,0.0000000442861,5.23174E-10,0,0,0,14.944544,1.673292,0.00000936315,115.324
random_mtx_nc34,411924,1724,952,0,r,1,0,238.935035,196,281,411924,0,100,20706,391218,5.027,0,411924,0,131.127335,119.306755,121.488541,133.059097,130.85994,132.239578,130.871674,1.099077,1.079339,0.985482,1.002043,0.991589,1.001954,0,0.0000000465969,0.0000000465969,5.35183E-10,0,0,0,102.100578,1.284296,0.0000125437,74.2934
random_mtx_nc35,192032,1596,509,0,r,1,0,120.320802,90,151,192032,0,100,9590,182442,4.994,0,192032,0,73.323196,76.347969,76.52179,74.272736,74.136032,73.495232,73.517822,0.960382,0.9582,0.987216,0.989036,0.997659,0.997353,0,0.0000000441271,0.0000000441271,5.38036E-10,0,0,0,57.709057,1.270567,0.000011374,233.703
random_mtx_nc36,893850,1513,1973,0,r,1,0,590.779907,534,660,893850,0,100,44737,849113,5.005,0,893850,0,286.087799,239.159805,239.551865,285.602539,285.909454,289.621399,285.763458,1.19622,1.194262,1.001699,1.000624,0.987799,1.001135,0,0.0000000416652,0.0000000416652,5.12149E-10,0,0,0,237.432709,1.204922,0.0000173321,429.988
random_mtx_nc37,754756,1085,1922,0,r,1,0,695.62765,626,758,754756,0,100,38105,716651,5.049,0,754756,0,241.40976,199.411713,201.403427,242.384506,240.737213,245.574554,240.97699,1.21061,1.198638,0.995979,1.002794,0.983041,1.001796,0,0.0000000461221,0.0000000461221,5.51836E-10,0,0,0,199.060669,1.212745,0.0000181987,666.592
random_mtx_nc38,236587,815,1854,0,r,1,0,290.290798,248,339,236587,0,100,11833,224754,5.002,0,236587,0,80.40419,69.071136,69.854179,85.688065,80.417953,84.828514,80.683708,1.164078,1.151029,0.938336,0.999829,0.947844,0.996536,0,0.0000000478317,0.0000000478317,5.21091E-10,0,0,0,66.109985,1.216219,0.0000134758,301.938
random_mtx_nc39,244130,1235,940,0,r,1,0,197.676113,148,238,244130,0,100,12494,231636,5.118,0,244130,0,85.678978,76.62336,78.193985,86.997696,86.788132,87.746368,85.533058,1.118184,1.095723,0.984842,0.98722,0.976439,1.001706,0,0.0000000388343,0.0000000388343,4.51428E-10,0,0,0,63.230305,1.35503,0.0000116289,535.427
random_mtx_nc4,423405,1143,1603,0,r,1,0,370.433071,310,427,423405,0,100,21099,402306,4.983,0,423405,0,137.956711,117.04493,117.126976,139.261826,138.056351,141.276123,138.253052,1.178665,1.177839,0.990628,0.999278,0.976504,0.997857,0,0.0000000292022,0.0000000292022,3.52267E-10,0,0,0,113.444,1.216078,0.0000148074,411.921
random_mtx_nc40,70466,622,1057,0,r,1,0,113.289389,86,148,70466,0,100,3511,66955,4.983,0,70466,0,23.154688,27.833281,28.271936,24.398209,23.532192,23.316736,23.572128,0.831907,0.818999,0.949032,0.983958,0.99305,0.982291,0,0.0000000448667,0.0000000448667,4.91692E-10,0,0,0,17.265087,1.341128,0.000011356,427.849
random_mtx_nc41,388162,1150,1098,0,r,1,0,337.532174,284,386,388162,0,100,19584,368578,5.045,0,388162,0,122.054367,100.630913,103.238304,126.97142,122.103874,127.211777,122.21946,1.212891,1.182259,0.961274,0.999595,0.959458,0.998649,0,0.0000000548079,0.0000000548079,5.57631E-10,0,0,0,95.488029,1.278216,0.0000140425,694.12
random_mtx_nc42,337684,943,1335,0,r,1,0,358.09544,314,407,337684,0,100,16948,320736,5.019,0,337684,0,109.074142,90.773155,91.305054,112.258369,109.007484,111.980957,109.124672,1.201612,1.194612,0.971635,1.000611,0.974042,0.999537,0,0.000000039317,0.000000039317,4.56241E-10,0,0,0,87.751709,1.242986,0.0000149393,458.452
random_mtx_nc43,534384,1274,1205,0,r,1,0,419.453689,372,476,534384,0,100,26593,507791,4.976,0,534384,0,166.607391,134.867996,134.400253,170.61142,166.731705,172.088455,166.672089,1.235337,1.239636,0.976531,0.999254,0.96815,0.999612,0,0.0000000436848,0.0000000436848,5.03532E-10,0,0,0,133.168442,1.251103,0.0000149156,565.464
random_mtx_nc44,233770,640,1056,0,r,1,0,365.265625,312,415,233770,0,100,11582,222188,4.954,0,233770,0,74.956703,63.85379,64.155487,77.782974,74.957504,78.114754,74.925468,1.17388,1.16836,0.963665,0.999989,0.959572,1.000417,0,0.0000000382371,0.0000000382371,4.7112E-10,0,0,0,59.90189,1.251325,0.0000153081,323.709
random_mtx_nc45,238587,908,1409,0,r,1,0,262.761013,197,303,238587,0,100,11893,226694,4.985,0,238587,0,81.337921,73.151009,74.85405,84.546242,82.49398,86.165604,82.296928,1.111918,1.08662,0.962052,0.985986,0.943972,0.988347,0,0.0000000373695,0.0000000373695,4.35933E-10,0,0,0,66.278557,1.227213,0.0000125191,234.109
random_mtx_nc46,76805,1361,679,0,r,1,0,56.43277,36,78,76805,0,100,3783,73022,4.925,0,76805,0,35.746655,43.440254,44.465889,40.998943,36.107521,35.795841,36.422302,0.822892,0.803912,0.871892,0.990006,0.998626,0.98145,0,0.0000000442762,0.0000000442762,4.89489E-10,0,0,0,20.756895,1.722158,0.00000943195,487.146
random_mtx_nc47,174958,1167,866,0,r,1,0,149.921165,119,193,174958,0,100,8722,166236,4.985,0,174958,0,66.244545,60.860321,62.377312,69.930496,67.195648,67.196381,66.740929,1.088469,1.061997,0.947291,0.985846,0.985835,0.992563,0,0.0000000458437,0.0000000458437,5.3522E-10,0,0,0,46.550495,1.423069,0.0000110096,1123.5
random_mtx_nc48,211140,1445,658,0,r,1,0,146.117647,110,178,211140,0,100,10535,200605,4.99,0,211140,0,77.710205,71.944542,72.643517,81.810883,79.671677,79.035454,78.890205,1.08014,1.069747,0.949876,0.975381,0.983232,0.985042,0,0.0000000483978,0.0000000483978,5.58406E-10,0,0,0,53.917568,1.441278,0.0000117343,417.174
random_mtx_nc49,587294,1088,1409,0,r,1,0,539.792279,490,594,587294,0,100,29592,557702,5.039,0,587294,0,184.814331,150.444382,151.32077,186.904541,184.394073,192.420898,184.982681,1.228456,1.221341,0.988817,1.002279,0.960469,0.99909,0,0.0000000379895,0.0000000379895,4.81206E-10,0,0,0,149.024414,1.240161,0.000017593,207.936
random_mtx_nc5,147560,1013,1186,0,r,1,0,145.666338,114,185,147560,0,100,7458,140102,5.054,0,147560,0,58.240448,54.623745,55.24976,61.391968,59.214367,59.144737,58.661217,1.066211,1.05413,0.948666,0.983553,0.984711,0.992827,0,0.0000000448244,0.0000000448244,5.28938E-10,0,0,0,42.495262,1.370516,0.0000111073,442.102
random_mtx_nc50,413116,1940,562,0,r,1,0,212.946392,177,252,413116,0,100,20427,392689,4.945,0,413116,0,129.290085,110.896767,120.652,133.932541,131.727264,131.235901,129.687134,1.16586,1.071595,0.965337,0.981498,0.985173,0.996938,0,0.0000000246427,0.0000000246427,2.8524E-10,0,0,0,89.297119,1.447864,0.0000123064,382.24
random_mtx_nc51,80064,754,593,0,r,1,0,106.185676,80,144,80064,0,100,4011,76053,5.01,0,80064,0,26.295839,31.454912,32.246494,27.30352,26.617632,26.439264,26.448032,0.835985,0.815464,0.963093,0.987911,0.994575,0.994246,0,0.0000000462044,0.0000000462044,5.11939E-10,0,0,0,22.228161,1.182997,0.0000101365,1034.8
random_mtx_nc52,218825,565,1598,0,r,1,0,387.300885,327,436,218825,0,100,11048,207777,5.049,0,218825,0,74.435715,63.318241,63.575809,75.255165,74.730049,79.37011,74.764702,1.175581,1.170818,0.989111,0.996061,0.937831,0.9956,0,0.0000000417097,0.0000000417097,4.24599E-10,0,0,0,61.122398,1.217814,0.0000137872,573.07
random_mtx_nc53,445189,969,1387,0,r,1,0,459.431373,402,510,445189,0,100,22337,422852,5.017,0,445189,0,141.151688,115.305183,115.559807,143.452606,141.042435,147.971909,141.295898,1.224157,1.22146,0.98396,1.000775,0.953909,0.998979,0,0.0000000394028,0.0000000394028,5.13949E-10,0,0,0,113.872543,1.239559,0.0000148844,656.632
random_mtx_nc54,498057,1036,1902,0,r,1,0,480.75,421,542,498057,0,100,25143,472914,5.048,0,498057,0,161.430878,134.422714,136.220764,161.883133,161.295517,164.143814,161.549759,1.20092,1.185068,0.997206,1.000839,0.983472,0.999264,0,0.0000000374449,0.0000000374449,4.42892E-10,0,0,0,133.436615,1.209794,0.0000166025,1433.03
random_mtx_nc55,385742,1330,1280,0,r,1,0,290.031579,246,333,385742,0,100,19491,366251,5.053,0,385742,0,123.841408,104.272926,106.092865,131.496552,123.968895,129.171677,124.116737,1.187666,1.167293,0.941784,0.998972,0.958735,0.997782,0,0.0000000480053,0.0000000480053,5.33189E-10,0,0,0,99.254723,1.247713,0.0000137471,551.807
random_mtx_nc56,132703,558,1069,0,r,1,0,237.818996,203,271,132703,0,100,6740,125963,5.079,0,132703,0,47.712704,40.338818,39.927586,48.586784,48.071678,49.292736,47.824322,1.182799,1.194981,0.98201,0.992533,0.967946,0.997666,0,0.000000049263,0.000000049263,5.8187E-10,0,0,0,34.057858,1.400931,0.0000135109,79.6681
random_mtx_nc57,588509,1839,892,0,r,1,0,320.015769,269,366,588509,0,100,29573,558936,5.025,0,588509,0,178.390503,146.904129,152.606171,182.643646,178.172165,186.493561,178.829086,1.214333,1.16896,0.976713,1.001225,0.95655,0.997547,0,0.0000000444754,0.0000000444754,5.4505E-10,0,0,0,136.568039,1.306239,0.0000139912,71.1182
random_mtx_nc58,492508,1260,1768,0,r,1,0,390.879365,341,449,492508,0,100,24643,467865,5.004,0,492508,0,161.465378,135.1241,135.276733,162.591324,161.356293,164.95015,161.487228,1.194941,1.193593,0.993075,1.000676,0.978874,0.999865,0,0.0000000401899,0.0000000401899,4.93356E-10,0,0,0,133.139359,1.212755,0.0000143943,90.3239
random_mtx_nc59,610292,1713,1733,0,r,1,0,356.27087,298,410,610292,0,100,30415,579877,4.984,0,610292,0,197.425568,165.279068,165.076004,200.756165,197.268509,199.66983,197.653503,1.194498,1.195968,0.98341,1.000796,0.98876,0.998847,0,0.0000000420919,0.0000000420919,4.63875E-10,0,0,0,162.288712,1.216508,0.0000142609,84.0452
random_mtx_nc6,248492,1279,509,0,r,1,0,194.286161,151,228,248492,0,100,12291,236201,4.946,0,248492,0,82.160515,70.726402,82.777634,83.727837,83.56794,83.032547,82.711998,1.161667,0.992545,0.981281,0.983158,0.989498,0.993332,0,0.000000075636,0.000000075636,6.08159E-10,0,0,0,55.193474,1.488591,0.0000124576,60.6869
random_mtx_nc60,419212,1565,1115,0,r,1,0,267.867093,220,325,419212,0,100,20822,398390,4.967,0,419212,0,135.195099,119.794014,122.057854,140.98288,136.12854,143.533218,136.049667,1.128563,1.107631,0.958947,0.993143,0.941908,0.993719,0,0.0000000465979,0.0000000465979,5.34664E-10,0,0,0,107.671997,1.25562,0.0000132671,47.0158
random_mtx_nc61,48638,550,1332,0,r,1,0,88.432727,63,122,48638,0,100,2447,46191,5.031,0,48638,0,18.600128,20.587839,20.911552,19.881599,18.884672,18.741184,18.793344,0.903452,0.889467,0.935545,0.984933,0.992473,0.989719,0,0.0000000478623,0.0000000478623,5.53826E-10,0,0,0,12.80448,1.452627,0.00000985968,64.3327
random_mtx_nc62,567544,1358,1058,0,r,1,0,417.926362,368,470,567544,0,100,28240,539304,4.976,0,567544,0,174.275803,138.846588,139.014908,179.772156,174.205887,180.541153,174.340057,1.255168,1.253648,0.969426,1.000401,0.965297,0.999631,0,0.0000000478399,0.0000000478399,5.79169E-10,0,0,0,136.914886,1.272877,0.0000166093,71.154
random_mtx_nc63,438578,1150,1910,0,r,1,0,381.372174,323,450,438578,0,100,21845,416733,4.981,0,438578,0,145.004196,123.252991,123.45462,145.370117,144.88652,149.488678,145.342407,1.176476,1.174555,0.997483,1.000812,0.970001,0.997673,0,0.0000000507584,0.0000000507584,5.1554E-10,0,0,0,120.059715,1.207767,0.0000154283,59.6273
random_mtx_nc64,127001,603,739,0,r,1,0,210.615257,174,257,127001,0,100,6397,120604,5.037,0,127001,0,46.068993,35.657375,35.989086,47.252769,46.21088,46.658878,46.013313,1.291991,1.280082,0.974948,0.99693,0.987357,1.00121,0,0.0000000469269,0.0000000469269,5.10112E-10,0,0,0,28.870239,1.595726,0.000012112,49.061
random_mtx_nc65,136469,568,888,0,r,1,0,240.262324,201,289,136469,0,100,6838,129631,5.011,0,136469,0,48.124256,41.59565,43.954369,49.119873,48.319775,49.37101,48.238144,1.156954,1.094869,0.979731,0.995954,0.974747,0.997639,0,0.0000000454034,0.0000000454034,5.41629E-10,0,0,0,33.597439,1.432379,0.0000131183,48.7932
random_mtx_nc66,775109,1925,1035,0,r,1,0,402.654026,342,455,775109,0,100,38679,736430,4.99,0,775109,0,236.642593,188.699203,191.013412,240.946075,237.182587,244.551163,238.005127,1.254073,1.238879,0.982139,0.997723,0.967661,0.994275,0,0.0000000472064,0.0000000472064,5.85387E-10,0,0,0,185.801529,1.273631,0.0000150207,51.5812
random_mtx_nc67,139251,1380,1398,0,r,1,0,100.906522,75,131,139251,0,100,6896,132355,4.952,0,139251,0,56.377087,56.206142,58.268578,58.654335,56.969982,56.00032,55.737759,1.003041,0.967538,0.961175,0.989593,1.006728,1.01147,0,0.0000000442048,0.0000000442048,5.20488E-10,0,0,0,39.804031,1.416366,0.000010349,79.4655
random_mtx_nc68,86740,566,1688,0,r,1,0,153.250883,116,193,86740,0,100,4319,82421,4.979,0,86740,0,29.333023,27.323521,27.704897,30.437311,30.596031,32.896385,32.1576,1.073545,1.058767,0.963719,0.95872,0.891679,0.912165,0,0.0000000445205,0.0000000445205,5.31087E-10,0,0,0,19.203487,1.527484,0.0000117361,49.4206
random_mtx_nc69,254637,979,1640,0,r,1,0,260.099081,206,310,254637,0,100,12583,242054,4.942,0,254637,0,87.562943,79.766525,81.761086,89.826942,88.306206,92.727646,88.275902,1.09774,1.070961,0.974796,0.991583,0.944302,0.991924,0,0.0000000476928,0.0000000476928,5.58451E-10,0,0,0,72.446304,1.20866,0.0000140463,67.0912
random_mtx_nc7,799530,1886,1868,0,r,1,0,423.92895,367,484,799530,0,100,39909,759621,4.992,0,799530,0,256.728546,213.482681,215.449081,259.99292,256.249634,260.831818,256.757202,1.202573,1.191597,0.987444,1.001869,0.984269,0.999888,0,0.0000000454902,0.0000000454902,5.23595E-10,0,0,0,211.334747,1.214796,0.0000165494,66.8676
random_mtx_nc70,213795,946,718,0,r,1,0,225.998943,169,258,213795,0,100,10673,203122,4.992,0,213795,0,70.44899,61.713345,62.625824,73.418243,70.475197,70.947006,69.889694,1.141552,1.124919,0.959557,0.999628,0.99298,1.008003,0,0.0000000453925,0.0000000453925,5.45208E-10,0,0,0,51.527073,1.367223,0.0000115821,94.537
random_mtx_nc71,163479,776,545,0,r,1,0,210.668814,170,243,163479,0,100,8113,155366,4.963,0,163479,0,55.677151,47.501282,48.122658,57.055904,55.980576,56.297314,55.595264,1.172119,1.156984,0.975835,0.99458,0.988984,1.001473,0,0.0000000450259,0.0000000450259,5.97156E-10,0,0,0,38.069153,1.462527,0.0000136206,111.538
random_mtx_nc72,219458,1635,1530,0,r,1,0,134.225076,102,170,219458,0,100,11034,208424,5.028,0,219458,0,87.783646,85.234016,86.911934,87.591393,89.998398,89.497025,88.968124,1.029913,1.01003,1.002195,0.975391,0.980855,0.986686,0,0.0000000418056,0.0000000418056,5.02249E-10,0,0,0,63.971394,1.372233,0.0000110823,105.619
random_mtx_nc73,537155,1648,1062,0,r,1,0,325.943568,272,378,537155,0,100,26924,510231,5.012,0,537155,0,166.657959,136.779205,141.114716,171.573669,166.413727,174.927429,166.543488,1.218445,1.18101,0.971349,1.001468,0.952726,1.000687,0,0.0000000451403,0.0000000451403,5.3003E-10,0,0,0,130.310852,1.278926,0.0000143773,81.716
random_mtx_nc74,693379,1340,1704,0,r,1,0,517.447015,437,574,693379,0,100,34704,658675,5.005,0,693379,0,221.983322,183.969498,183.842239,221.977982,221.693634,225.854523,221.778564,1.206631,1.207466,1.000024,1.001307,0.98286,1.000923,0,0.0000000465855,0.0000000465855,5.27845E-10,0,0,0,182.669785,1.215216,0.0000166289,108.451
random_mtx_nc75,445242,1472,1527,0,r,1,0,302.474185,244,355,445242,0,100,22103,423139,4.964,0,445242,0,144.171326,119.839966,123.571518,150.382843,144.065506,149.120377,144.16983,1.203032,1.166704,0.958695,1.000735,0.966812,1.00001,0,0.0000000447593,0.0000000447593,5.31925E-10,0,0,0,116.198242,1.240736,0.000014061,67.7343
random_mtx_nc76,143195,1506,734,0,r,1,0,95.083001,67,128,143195,0,100,7162,136033,5.002,0,143195,0,59.859489,57.2952,58.242783,62.324352,60.428288,59.758656,59.668961,1.044756,1.027758,0.960451,0.990587,1.001687,1.003193,0,0.0000000407075,0.0000000407075,4.86389E-10,0,0,0,37.6936,1.588054,0.0000108156,62.6622
random_mtx_nc77,93516,1665,999,0,r,1,0,56.165766,33,84,93516,0,100,4617,88899,4.937,0,93516,0,51.560322,52.471104,53.775776,55.76688,52.158176,51.509602,51.99136,0.982642,0.958802,0.924569,0.988538,1.000985,0.991709,0,0.0000000415485,0.0000000415485,4.85816E-10,0,0,0,24.759457,2.08245,0.00000930592,77.4844
random_mtx_nc78,59396,626,1013,0,r,1,0,94.881789,72,120,59396,0,100,2970,56426,5,0,59396,0,21.000769,24.081823,25.986591,22.273024,21.170624,21.134464,21.575424,0.872059,0.808139,0.942879,0.991977,0.993674,0.973365,0,0.0000000436128,0.0000000436128,4.89371E-10,0,0,0,14.656288,1.432885,0.0000102137,109.374
random_mtx_nc79,216213,503,1191,0,r,1,0,429.846918,380,477,216213,0,100,10727,205486,4.961,0,216213,0,70.061729,57.773407,58.198238,72.042236,70.210274,73.891838,70.335426,1.212699,1.203846,0.972509,0.997884,0.948166,0.996109,0,0.0000000430715,0.0000000430715,5.44064E-10,0,0,0,56.155521,1.247637,0.0000149845,77.1175
random_mtx_nc8,395153,1748,1030,0,r,1,0,226.060069,185,271,395153,0,100,19902,375251,5.037,0,395153,0,127.225281,113.584831,115.563263,133.53447,126.999969,128.348358,126.946144,1.12009,1.100915,0.952752,1.001774,0.99125,1.002199,0,0.0000000421524,0.0000000421524,4.84231E-10,0,0,0,98.633217,1.289883,0.0000126889,69.9146
random_mtx_nc80,615732,1144,1691,0,r,1,0,538.227273,470,596,615732,0,100,30898,584834,5.018,0,615732,0,196.793442,162.34317,162.95018,197.718597,196.800034,201.738205,196.778564,1.212206,1.207691,0.995321,0.999967,0.975489,1.000076,0,0.0000000352324,0.0000000352324,4.00801E-10,0,0,0,161.428741,1.219073,0.0000178054,43.973
random_mtx_nc81,241289,603,1830,0,r,1,0,400.147595,344,455,241289,0,100,12076,229213,5.005,0,241289,0,81.414467,69.523811,69.604446,84.555038,81.769981,87.268799,81.969246,1.17103,1.169673,0.962858,0.995652,0.932916,0.993232,0,0.0000000429831,0.0000000429831,5.44093E-10,0,0,0,67.92157,1.198654,0.0000167463,39.8366
random_mtx_nc82,421683,654,1804,0,r,1,0,644.775229,592,703,421683,0,100,21004,400679,4.981,0,421683,0,137.597916,114.415489,114.232254,137.000671,137.354401,140.420959,137.394714,1.202616,1.204545,1.004359,1.001773,0.979896,1.001479,0,0.0000000393435,0.0000000393435,4.47724E-10,0,0,0,113.823555,1.20887,0.0000182396,72.2269
random_mtx_nc83,409013,1593,1230,0,r,1,0,256.756434,206,307,409013,0,100,20290,388723,4.961,0,409013,0,134.544678,122.143135,125.051842,136.063004,135.939362,142.496353,135.97139,1.101533,1.075911,0.988841,0.98974,0.944197,0.989507,0,0.0000000457073,0.0000000457073,5.45227E-10,0,0,0,107.880547,1.247163,0.0000131416,89.3732
random_mtx_nc84,396493,1792,752,0,r,1,0,221.257254,181,269,396493,0,100,19792,376701,4.992,0,396493,0,125.356705,109.985123,112.831421,132.053467,125.292992,126.868446,124.310051,1.139761,1.111009,0.949287,1.000509,0.988084,1.00842,0,0.0000000410368,0.0000000410368,4.54968E-10,0,0,0,92.150017,1.360355,0.000012431,72.2855
random_mtx_nc85,662363,1650,1499,0,r,1,0,401.432121,354,457,662363,0,100,33135,629228,5.003,0,662363,0,211.637695,174.084198,175.138336,214.150909,211.542297,218.145187,211.509338,1.21572,1.208403,0.988264,1.000451,0.970169,1.000607,0,0.0000000472815,0.0000000472815,5.462E-10,0,0,0,171.88179,1.231298,0.0000154796,78.523
random_mtx_nc86,441822,1813,693,0,r,1,0,243.696635,201,300,441822,0,100,22076,419746,4.997,0,441822,0,135.691299,121.846146,125.393311,137.079941,135.466141,137.33017,135.701477,1.113628,1.082126,0.98987,1.001662,0.988066,0.999925,0,0.0000000483295,0.0000000483295,5.68457E-10,0,0,0,101.887009,1.331782,0.0000134881,117.919
random_mtx_nc87,475530,836,1896,0,r,1,0,568.815789,496,630,475530,0,100,23640,451890,4.971,0,475530,0,153.911362,128.142944,128.498749,154.282333,153.554977,160.182022,153.694778,1.201091,1.197765,0.997596,1.002321,0.960853,1.001409,0,0.0000000384929,0.0000000384929,4.59823E-10,0,0,0,127.515869,1.206998,0.0000177233,97.772
random_mtx_nc88,264913,1193,1860,0,r,1,0,222.056161,174,267,264913,0,100,13170,251743,4.971,0,264913,0,91.697662,82.853981,83.960419,96.270721,91.257507,92.55629,91.182785,1.106738,1.092153,0.952498,1.004823,0.990723,1.005647,0,0.0000000465417,0.0000000465417,5.05645E-10,0,0,0,74.587074,1.229404,0.0000124892,76.63
random_mtx_nc89,217576,939,663,0,r,1,0,231.71033,190,273,217576,0,100,10965,206611,5.04,0,217576,0,70.206879,61.894688,63.148991,72.566978,70.441345,71.229759,70.205246,1.134296,1.111766,0.967477,0.996671,0.98564,1.000023,0,0.0000000472479,0.0000000472479,5.32653E-10,0,0,0,52.140575,1.346492,0.0000127591,73.9906
random_mtx_nc9,447133,1375,1622,0,r,1,0,325.187636,274,376,447133,0,100,22509,424624,5.034,0,447133,0,145.638809,121.726524,122.470818,150.469498,145.657761,153.203552,145.717148,1.196443,1.189172,0.967896,0.99987,0.950623,0.999462,0,0.0000000338654,0.0000000338654,3.83022E-10,0,0,0,118.184929,1.232296,0.0000144871,44.4557
random_mtx_nc90,1050830,1844,1939,0,r,1,0,569.864425,514,629,1050830,0,100,52593,998237,5.005,0,1050830,0,334.695587,278.196991,279.237793,334.905273,333.99469,337.92099,334.629364,1.203088,1.198604,0.999374,1.002099,0.990455,1.000198,0,0.0000000440068,0.0000000440068,5.3829E-10,0,0,0,277.015686,1.208219,0.0000170134,46.1051
random_mtx_nc91,398384,1615,1044,0,r,1,0,246.677399,200,292,398384,0,100,19700,378684,4.945,0,398384,0,130.089981,117.599297,119.684639,129.802429,128.275299,130.834015,128.127426,1.106214,1.08694,1.002215,1.014147,0.994313,1.015317,0,0.0000000403112,0.0000000403112,4.77156E-10,0,0,0,101.829857,1.277523,0.0000129801,82.0584
random_mtx_nc92,172542,911,1193,0,r,1,0,189.398463,150,225,172542,0,100,8493,164049,4.922,0,172542,0,63.586559,57.456638,57.839905,64.230782,63.934814,65.096413,63.452896,1.106688,1.099354,0.98997,0.994553,0.976806,1.002106,0,0.0000000429727,0.0000000429727,4.81741E-10,0,0,0,47.443039,1.340272,0.000012792,104.232
random_mtx_nc93,403394,917,1142,0,r,1,0,439.906216,384,490,403394,0,100,20210,383184,5.01,0,403394,0,126.06752,101.448318,104.289154,128.574142,125.999199,130.563995,126.316093,1.242677,1.208827,0.980504,1.000542,0.965561,0.998032,0,0.0000000573402,0.0000000573402,5.74281E-10,0,0,0,99.747681,1.263864,0.0000159708,70.1714
random_mtx_nc94,342627,1172,821,0,r,1,0,292.343857,253,350,342627,0,100,16797,325830,4.902,0,342627,0,104.661507,86.810333,90.270302,112.657631,104.596481,109.358627,105.05658,1.205634,1.159423,0.929023,1.000622,0.957048,0.996239,0,0.0000000416359,0.0000000416359,5.09655E-10,0,0,0,79.900604,1.309896,0.0000145356,106.24
random_mtx_nc95,1000528,1885,1518,0,r,1,0,530.784085,474,599,1000528,0,100,50145,950383,5.012,0,1000528,0,313.950684,257.221436,258.857025,315.091797,313.247742,319.936371,314.409363,1.220546,1.212834,0.996378,1.002244,0.981291,0.998541,0,0.0000000411614,0.0000000411614,4.90437E-10,0,0,0,255.750656,1.227566,0.0000169733,44.1894
random_mtx_nc96,504967,1779,1611,0,r,1,0,283.848791,229,338,504967,0,100,25292,479675,5.009,0,504967,0,164.330276,139.219833,141.181732,173.771591,164.345306,171.763199,164.886215,1.180365,1.163963,0.945668,0.999909,0.956726,0.996628,0,0.0000000449988,0.0000000449988,5.34981E-10,0,0,0,134.767929,1.219357,0.0000136416,83.4183
random_mtx_nc97,574934,879,1685,0,r,1,0,654.077361,597,752,574934,0,100,28734,546200,4.998,0,574934,0,184.262787,151.765625,151.890503,183.527451,183.798431,189.013794,184.072479,1.214127,1.213129,1.004007,1.002526,0.974864,1.001034,0,0.0000000521973,0.0000000521973,5.99231E-10,0,0,0,151.193222,1.218724,0.0000183922,76.5337
random_mtx_nc98,1400410,1901,1846,0,r,1,0,736.670174,675,801,1400410,0,100,69825,1330585,4.986,0,1400410,0,443.749512,366.584167,367.224579,441.387634,443.291168,445.521118,443.618958,1.210498,1.208387,1.005351,1.001034,0.996024,1.000294,0,0.0000000431113,0.0000000431113,5.14063E-10,0,0,0,364.794861,1.216436,0.0000190716,59.8107
random_mtx_nc99,510396,1734,1310,0,r,1,0,294.346021,244,354,510396,0,100,25703,484693,5.036,0,510396,0,162.495621,135.326553,137.744583,171.013824,162.645309,169.879196,162.730911,1.200767,1.179688,0.95019,0.99908,0.956536,0.998554,0,0.0000000472552,0.0000000472552,5.54669E-10,0,0,0,130.36412,1.246475,0.0000137149,44.1911
random_sparse_matrix_1,415983,1500,1500,0,r,1,0,277.322,229,323,415983,0,100,20994,394989,5.047,0,415983,0,136.170044,115.973122,118.942017,147.096069,136.294525,143.295486,136.320038,1.174152,1.144844,0.925722,0.999087,0.950274,0.9989,0,0.0000000436669,0.0000000436669,5.0543E-10,0,0,0,110.288094,1.234676,0.0000138427,103.625
random_sparse_matrix_10,322768,1500,1500,0,r,1,0,215.178667,171,259,322768,0,100,16127,306641,4.996,0,322768,0,110.953728,99.215935,101.919556,115.92189,111.008606,112.781662,109.971779,1.118306,1.08864,0.957142,0.999506,0.983792,1.008929,0,0.0000000488426,0.0000000488426,5.02335E-10,0,0,0,86.814911,1.278049,0.0000122733,59.9727
random_sparse_matrix_11,653133,1500,1500,0,r,1,0,435.422,379,489,653133,0,100,32833,620300,5.027,0,653133,0,207.523804,168.868515,168.98349,208.723389,207.184921,213.200958,207.195587,1.228908,1.228071,0.994253,1.001636,0.973372,1.001584,0,0.0000000460886,0.0000000460886,5.55389E-10,0,0,0,167.264709,1.240691,0.0000151283,49.49
random_sparse_matrix_12,748779,1500,1500,0,r,1,0,499.186,438,559,748779,0,100,37615,711164,5.024,0,748779,0,237.112167,194.328064,195.46199,236.345856,236.82135,239.689255,236.629593,1.220164,1.213086,1.003242,1.001228,0.989248,1.002039,0,0.0000000502589,0.0000000502589,5.74325E-10,0,0,0,192.279449,1.233164,0.0000156522,45.4801
random_sparse_matrix_13,636540,1500,1500,0,r,1,0,424.36,370,476,636540,0,100,31965,604575,5.022,0,636540,0,201.925247,164.827484,164.87738,205.696671,201.666367,208.368698,201.660355,1.22507,1.2247,0.981665,1.001284,0.969077,1.001314,0,0.00000003679,0.00000003679,3.82765E-10,0,0,0,163.111618,1.237957,0.0000154906,75.4733
random_sparse_matrix_14,331964,1500,1500,0,r,1,0,221.309333,179,266,331964,0,100,16632,315332,5.01,0,331964,0,111.975037,100.352638,102.28038,117.834084,111.789536,113.575935,111.018463,1.115816,1.094785,0.950277,1.001659,0.985905,1.008616,0,0.0000000448278,0.0000000448278,5.11621E-10,0,0,0,88.776993,1.261307,0.00001242,71.8849
random_sparse_matrix_15,196707,1500,1500,0,r,1,0,131.138,98,180,196707,0,100,9687,187020,4.925,0,196707,0,79.037346,77.223938,78.537857,78.514847,80.62912,79.925087,79.395134,1.023482,1.00636,1.006655,0.980258,0.988893,0.995494,0,0.0000000451194,0.0000000451194,5.19353E-10,0,0,0,58.306911,1.35554,0.0000110365,98.6581
random_sparse_matrix_16,288578,1500,1500,0,r,1,0,192.385333,155,240,288578,0,100,14390,274188,4.987,0,288578,0,102.159073,93.783165,94.908638,104.444542,103.496704,105.700157,102.198013,1.089311,1.076394,0.978118,0.987076,0.966499,0.999619,0,0.0000000455292,0.0000000455292,5.11586E-10,0,0,0,79.280418,1.288579,0.0000122137,79.9162
random_sparse_matrix_17,687460,1500,1500,0,r,1,0,458.306667,401,525,687460,0,100,34202,653258,4.975,0,687460,0,217.297028,177.668961,177.567902,217.875397,216.981125,222.780487,217.040771,1.223044,1.22374,0.997345,1.001456,0.975386,1.001181,0,0.000000038873,0.000000038873,4.18071E-10,0,0,0,175.926788,1.235156,0.0000159886,41.6589
random_sparse_matrix_18,117285,1500,1500,0,r,1,0,78.19,54,105,117285,0,100,5816,111469,4.959,0,117285,0,57.312096,50.941025,52.066208,59.691265,58.104607,57.454494,57.609375,1.125068,1.100754,0.960142,0.986361,0.997522,0.99484,0,0.0000000430196,0.0000000430196,4.97735E-10,0,0,0,29.079872,1.970851,0.0000100621,99.9415
random_sparse_matrix_19,651068,1500,1500,0,r,1,0,434.045333,379,499,651068,0,100,32171,618897,4.941,0,651068,0,206.327621,167.927551,168.076187,208.389893,206.053223,212.20752,206.009018,1.22867,1.227584,0.990104,1.001332,0.972292,1.001547,0,0.0000000476672,0.0000000476672,5.82071E-10,0,0,0,166.519745,1.239058,0.0000163666,56.9589
random_sparse_matrix_2,434473,1500,1500,0,r,1,0,289.648667,239,343,434473,0,100,21677,412796,4.989,0,434473,0,140.670883,117.0839,119.691841,149.673721,140.559006,145.586334,140.525284,1.201454,1.175275,0.93985,1.000796,0.966237,1.001036,0,0.0000000375638,0.0000000375638,4.47525E-10,0,0,0,113.755806,1.236604,0.0000142997,119.108
random_sparse_matrix_20,199155,1500,1500,0,r,1,0,132.77,95,169,199155,0,100,9886,189269,4.964,0,199155,0,80.547394,78.16243,79.464447,80.540993,82.126335,81.698303,81.432739,1.030513,1.013628,1.000079,0.980774,0.985913,0.989128,0,0.0000000419159,0.0000000419159,4.89414E-10,0,0,0,58.865215,1.368336,0.0000107115,43.7099
random_sparse_matrix_21,508736,1500,1500,0,r,1,0,339.157333,295,397,508736,0,100,25293,483443,4.972,0,508736,0,163.495102,135.655609,136.317566,169.264252,163.267868,169.750504,163.334045,1.205222,1.199369,0.965916,1.001392,0.963149,1.000986,0,0.0000000435105,0.0000000435105,5.19712E-10,0,0,0,131.970367,1.238877,0.000014549,73.3852
random_sparse_matrix_22,755724,1500,1500,0,r,1,0,503.816,444,570,755724,0,100,37910,717814,5.016,0,755724,0,239.309982,196.44986,196.442078,238.279846,239.283295,242.519775,239.243591,1.218173,1.218222,1.004323,1.000112,0.986765,1.000278,0,0.0000000427511,0.0000000427511,5.41961E-10,0,0,0,194.482788,1.230494,0.0000170254,115.48
random_sparse_matrix_23,694612,1500,1500,0,r,1,0,463.074667,407,527,694612,0,100,34986,659626,5.037,0,694612,0,219.708221,179.247192,179.117691,220.799164,219.263779,225.26384,219.222916,1.225728,1.226614,0.995059,1.002027,0.975337,1.002214,0,0.0000000402637,0.0000000402637,5.05065E-10,0,0,0,177.638489,1.236828,0.0000161824,87.2968
random_sparse_matrix_24,708553,1500,1500,0,r,1,0,472.368667,409,536,708553,0,100,35304,673249,4.983,0,708553,0,223.752762,182.790848,182.700867,224.393921,223.493286,227.106598,223.450531,1.224092,1.224695,0.997143,1.001161,0.985232,1.001353,0,0.0000000501905,0.0000000501905,5.71106E-10,0,0,0,181.172958,1.235023,0.0000164971,77.4441
random_sparse_matrix_25,834545,1500,1500,0,r,1,0,556.363333,493,625,834545,0,100,41540,793005,4.978,0,834545,0,261.958435,212.143906,212.706589,262.301575,261.418518,266.388031,261.441254,1.234815,1.231548,0.998692,1.002065,0.983372,1.001978,0,0.0000000434791,0.0000000434791,4.98838E-10,0,0,0,211.288986,1.239811,0.0000178559,86.5782
random_sparse_matrix_26,133821,1500,1500,0,r,1,0,89.214,61,119,133821,0,100,6659,127162,4.976,0,133821,0,60.864353,57.360802,57.800415,62.394878,61.535583,60.850178,60.869408,1.061079,1.053009,0.97547,0.989092,1.000233,0.999917,0,0.0000000431146,0.0000000431146,4.83994E-10,0,0,0,37.793568,1.610442,0.00000999347,80.5322
random_sparse_matrix_27,750845,1500,1500,0,r,1,0,500.563333,438,556,750845,0,100,37399,713446,4.981,0,750845,0,237.832443,194.854141,195.988739,236.413498,237.592545,240.46199,237.521469,1.220567,1.213501,1.006002,1.00101,0.989065,1.001309,0,0.0000000438965,0.0000000438965,5.47754E-10,0,0,0,193.249283,1.230703,0.0000165971,47.0028
random_sparse_matrix_28,886723,1500,1500,0,r,1,0,591.148667,530,653,886723,0,100,43994,842729,4.961,0,886723,0,277.970184,226.076065,226.61293,276.858521,277.652649,283.040344,277.567352,1.229543,1.22663,1.004015,1.001144,0.982087,1.001451,0,0.0000000490065,0.0000000490065,5.48408E-10,0,0,0,224.477982,1.238296,0.0000174096,58.5597
random_sparse_matrix_29,593110,1500,1500,0,r,1,0,395.406667,346,448,593110,0,100,29629,563481,4.996,0,593110,0,190.695526,156.976028,157.157089,192.289948,190.79686,196.487228,190.865753,1.214807,1.213407,0.991708,0.999469,0.970524,0.999108,0,0.0000000414061,0.0000000414061,4.48544E-10,0,0,0,154.586716,1.233583,0.0000149544,48.6103
random_sparse_matrix_3,668631,1500,1500,0,r,1,0,445.754,383,505,668631,0,100,33686,634945,5.038,0,668631,0,211.570175,172.604736,173.322266,212.278656,211.171204,217.691269,211.315323,1.22575,1.220675,0.996662,1.001889,0.971882,1.001206,0,0.0000000426491,0.0000000426491,4.83344E-10,0,0,0,170.959198,1.237548,0.0000158142,81.8393
random_sparse_matrix_30,584180,1500,1500,0,r,1,0,389.453333,331,450,584180,0,100,29026,555154,4.969,0,584180,0,188.365829,155.808578,156.251236,189.266663,188.646881,195.444321,188.50563,1.208957,1.205532,0.99524,0.99851,0.963783,0.999258,0,0.0000000468792,0.0000000468792,5.48178E-10,0,0,0,152.577408,1.234559,0.0000149121,109.139
random_sparse_matrix_31,845219,1500,1500,0,r,1,0,563.479333,510,632,845219,0,100,42347,802872,5.01,0,845219,0,265.072388,215.098053,215.371552,265.494965,264.795166,270.074829,264.624298,1.232333,1.230768,0.998408,1.001047,0.981478,1.001693,0,0.0000000345019,0.0000000345019,4.17303E-10,0,0,0,214.106918,1.238037,0.0000173975,70.1813
random_sparse_matrix_32,524671,1500,1500,0,r,1,0,349.780667,293,404,524671,0,100,26558,498113,5.062,0,524671,0,168.969345,139.848679,140.7146,173.555389,168.324509,172.724091,168.31514,1.20823,1.200795,0.973576,1.003831,0.978262,1.003887,0,0.0000000427732,0.0000000427732,5.04008E-10,0,0,0,135.800003,1.244251,0.0000148083,72.0061
random_sparse_matrix_33,326780,1500,1500,0,r,1,0,217.853333,175,259,326780,0,100,16368,310412,5.009,0,326780,0,110.984833,99.443329,101.118271,116.937057,110.662659,112.265091,109.920067,1.116061,1.097574,0.949099,1.002911,0.988596,1.009687,0,0.0000000469059,0.0000000469059,5.21597E-10,0,0,0,87.748924,1.2648,0.0000118909,52.8818
random_sparse_matrix_34,565541,1500,1500,0,r,1,0,377.027333,329,433,565541,0,100,28246,537295,4.995,0,565541,0,182.045029,151.253754,152.926041,182.110275,181.892166,185.405319,181.908356,1.203574,1.190412,0.999642,1.00084,0.981876,1.000751,0,0.000000046192,0.000000046192,5.4571E-10,0,0,0,147.503418,1.234175,0.0000149115,48.7114
random_sparse_matrix_35,197246,1500,1500,0,r,1,0,131.497333,99,175,197246,0,100,9858,187388,4.998,0,197246,0,79.197441,77.678589,78.941696,80.270691,80.680412,80.132156,79.469826,1.019553,1.00324,0.98663,0.981619,0.988335,0.996572,0,0.0000000420029,0.0000000420029,4.71029E-10,0,0,0,58.417599,1.355712,0.0000108816,110.345
random_sparse_matrix_36,597051,1500,1500,0,r,1,0,398.034,341,449,597051,0,100,29649,567402,4.966,0,597051,0,192.157852,157.794403,158.134247,193.85527,192.032257,198.876389,192.003647,1.217774,1.215156,0.991244,1.000654,0.966218,1.000803,0,0.0000000488019,0.0000000488019,5.25054E-10,0,0,0,155.944,1.232223,0.0000154426,54.5732
random_sparse_matrix_37,757077,1500,1500,0,r,1,0,504.718,445,586,757077,0,100,37885,719192,5.004,0,757077,0,239.740417,196.660538,196.718246,238.330399,239.479141,242.743195,239.489822,1.219057,1.218699,1.005916,1.001091,0.98763,1.001046,0,0.0000000471829,0.0000000471829,5.62699E-10,0,0,0,194.826202,1.230535,0.0000164111,76.9866
random_sparse_matrix_38,624344,1500,1500,0,r,1,0,416.229333,353,472,624344,0,100,31156,593188,4.99,0,624344,0,198.328156,161.894684,162.088287,202.521561,198.061279,205.604767,198.073502,1.225044,1.223581,0.979294,1.001347,0.964609,1.001286,0,0.0000000428181,0.0000000428181,5.08288E-10,0,0,0,160.418106,1.23632,0.0000156816,84.4349
random_sparse_matrix_39,673343,1500,1500,0,r,1,0,448.895333,381,503,673343,0,100,33771,639572,5.015,0,673343,0,213.100281,174.048355,174.600998,213.457825,212.796478,219.975449,212.866684,1.224374,1.220499,0.998325,1.001428,0.968746,1.001097,0,0.0000000482433,0.0000000482433,5.69531E-10,0,0,0,172.492798,1.235416,0.0000162535,53.9185
random_sparse_matrix_4,554602,1500,1500,0,r,1,0,369.734667,312,427,554602,0,100,27808,526794,5.014,0,554602,0,178.240036,148.331711,148.744324,179.5121,177.889633,180.686142,177.889221,1.201631,1.198298,0.992914,1.00197,0.986462,1.001972,0,0.000000046459,0.000000046459,5.43134E-10,0,0,0,145.041595,1.228889,0.0000147377,73.5703
random_sparse_matrix_40,822160,1500,1500,0,r,1,0,548.106667,494,601,822160,0,100,41240,780920,5.016,0,822160,0,258.389191,209.727173,210.859772,260.433014,257.923218,262.781982,257.823395,1.232025,1.225408,0.992152,1.001807,0.983284,1.002195,0,0.000000044987,0.000000044987,4.75341E-10,0,0,0,208.674042,1.238243,0.0000175564,61.0754
random_sparse_matrix_41,711705,1500,1500,0,r,1,0,474.47,417,528,711705,0,100,35434,676271,4.979,0,711705,0,224.620636,183.471527,183.507355,225.610977,224.410141,228.53479,224.297089,1.224281,1.224042,0.99561,1.000938,0.982873,1.001442,0,0.0000000462344,0.0000000462344,5.46214E-10,0,0,0,181.773407,1.235718,0.0000165227,55.094
random_sparse_matrix_42,457930,1500,1500,0,r,1,0,305.286667,256,364,457930,0,100,23054,434876,5.034,0,457930,0,148.037094,123.2472,123.933022,153.629349,148.198212,154.271301,148.223679,1.20114,1.194493,0.963599,0.998913,0.959589,0.998741,0,0.00000004315,0.00000004315,4.19466E-10,0,0,0,119.466301,1.239154,0.0000146692,61.1928
random_sparse_matrix_43,543800,1500,1500,0,r,1,0,362.533333,298,412,543800,0,100,27440,516360,5.046,0,543800,0,175.106308,144.985123,145.537308,176.513504,174.946457,177.706787,175.004028,1.207754,1.203171,0.992028,1.000914,0.985366,1.000584,0,0.0000000464488,0.0000000464488,5.58786E-10,0,0,0,141.927429,1.233774,0.0000145759,57.7393
random_sparse_matrix_44,830589,1500,1500,0,r,1,0,553.726,492,611,830589,0,100,41846,788743,5.038,0,830589,0,260.695831,211.504089,211.928391,261.916779,260.171387,265.239075,260.151062,1.232581,1.230113,0.995338,1.002016,0.982871,1.002094,0,0.000000051416,0.000000051416,5.92184E-10,0,0,0,210.548477,1.238175,0.0000169549,78.4008
random_sparse_matrix_45,792489,1500,1500,0,r,1,0,528.326,466,586,792489,0,100,39799,752690,5.022,0,792489,0,250.092697,204.316711,204.771515,250.220123,249.809433,259.079559,249.755966,1.224044,1.221326,0.999491,1.001134,0.965312,1.001348,0,0.0000000486787,0.0000000486787,5.77452E-10,0,0,0,202.377319,1.235774,0.0000167335,48.0228
random_sparse_matrix_46,543728,1500,1500,0,r,1,0,362.485333,298,421,543728,0,100,27243,516485,5.01,0,543728,0,174.688354,144.989273,146.851685,177.190369,174.473373,177.668839,174.509308,1.204836,1.189556,0.98588,1.001232,0.983224,1.001026,0,0.0000000416911,0.0000000416911,4.94068E-10,0,0,0,141.40979,1.235334,0.0000138667,77.5241
random_sparse_matrix_47,696048,1500,1500,0,r,1,0,464.032,408,525,696048,0,100,34644,661404,4.977,0,696048,0,219.670883,179.217499,179.121445,220.827301,219.343399,225.672958,219.262009,1.225722,1.22638,0.994763,1.001493,0.973404,1.001865,0,0.0000000469168,0.0000000469168,5.39864E-10,0,0,0,177.472549,1.237774,0.0000157113,58.0652
random_sparse_matrix_48,289017,1500,1500,0,r,1,0,192.678,152,243,289017,0,100,14424,274593,4.991,0,289017,0,102.432671,93.851746,94.934273,104.515137,103.195969,105.358177,101.89843,1.091431,1.078985,0.980075,0.992603,0.972233,1.005243,0,0.0000000417043,0.0000000417043,4.969E-10,0,0,0,79.101761,1.294948,0.0000124173,107.566
random_sparse_matrix_49,798588,1500,1500,0,r,1,0,532.392,471,591,798588,0,100,39830,758758,4.988,0,798588,0,251.639175,205.368317,205.829376,252.842499,251.290558,257.330139,251.274139,1.225307,1.222562,0.995241,1.001387,0.977885,1.001453,0,0.0000000471809,0.0000000471809,5.52036E-10,0,0,0,204.037277,1.2333,0.0000158985,80.1948
random_sparse_matrix_5,806279,1500,1500,0,r,1,0,537.519333,477,600,806279,0,100,40170,766109,4.982,0,806279,0,253.673508,206.796188,207.640289,255.431259,253.338791,259.264832,253.403366,1.226684,1.221697,0.993118,1.001321,0.978434,1.001066,0,0.0000000483746,0.0000000483746,5.78377E-10,0,0,0,204.96582,1.237638,0.0000162409,99.5909
random_sparse_matrix_50,822919,1500,1500,0,r,1,0,548.612667,495,614,822919,0,100,41280,781639,5.016,0,822919,0,258.426422,209.83046,210.236069,259.656219,258.00238,263.277832,257.788818,1.231596,1.22922,0.995264,1.001644,0.981573,1.002473,0,0.0000000414252,0.0000000414252,5.01787E-10,0,0,0,208.711746,1.238198,0.0000167268,80.0408
random_sparse_matrix_6,605867,1500,1500,0,r,1,0,403.911333,352,457,605867,0,100,30254,575613,4.994,0,605867,0,193.606491,158.806213,160.058334,196.746109,193.451431,199.381989,193.471741,1.219137,1.2096,0.984042,1.000802,0.971033,1.000696,0,0.0000000382535,0.0000000382535,4.52652E-10,0,0,0,156.757889,1.235067,0.0000151905,85.786
random_sparse_matrix_7,208600,1500,1500,0,r,1,0,139.066667,91,193,208600,0,100,10535,198065,5.05,0,208600,0,83.912766,80.114433,81.035072,86.21907,85.666046,85.587006,84.812355,1.047411,1.035512,0.973251,0.979534,0.980438,0.989393,0,0.0000000449372,0.0000000449372,5.32339E-10,0,0,0,61.377312,1.367163,0.000010914,42.4767
random_sparse_matrix_8,841487,1500,1500,0,r,1,0,560.991333,496,616,841487,0,100,42097,799390,5.003,0,841487,0,264.2547,214.311646,214.661407,264.07251,263.785004,268.977112,263.641113,1.233039,1.23103,1.00069,1.001781,0.982443,1.002327,0,0.0000000393573,0.0000000393573,4.84377E-10,0,0,0,213.427139,1.238149,0.0000169179,104.72
random_sparse_matrix_9,579843,1500,1500,0,r,1,0,386.562,337,437,579843,0,100,28961,550882,4.995,0,579843,0,187.32576,155.100098,155.913849,186.760071,187.29184,194.026016,187.206055,1.207773,1.20147,1.003029,1.000181,0.965467,1.000639,0,0.000000048902,0.000000048902,5.41174E-10,0,0,0,151.732742,1.234577,0.0000153305,110.477
